Name,Link
"G., O.",https://web.archive.org/web/20121007173024/http://www.nga.gov/cgi-bin/tsearch?artistid=6894
"Gabbiani, Anton Domenico",https://web.archive.org/web/20121007173024/http://www.nga.gov/cgi-bin/tsearch?artistid=5944
"Gabbuggiani, Baldassare",https://web.archive.org/web/20121007173024/http://www.nga.gov/cgi-bin/tsearch?artistid=4149
"Gabo, Naum",https://web.archive.org/web/20121007173024/http://www.nga.gov/cgi-bin/tsearch?artistid=6880
"Gabriel, Ada Vorhaus",https://web.archive.org/web/20121007173024/http://www.nga.gov/cgi-bin/tsearch?artistid=33454
"Gabriel, Joseph Marie Justin",https://web.archive.org/web/20121007173024/http://www.nga.gov/cgi-bin/tsearch?artistid=4150
"Gabriel, Justin-J.",https://web.archive.org/web/20121007173024/http://www.nga.gov/cgi-bin/tsearch?artistid=4150
Gabriel Jacques de Saint-Aubin,https://web.archive.org/web/20121007173024/http://www.nga.gov/cgi-bin/tsearch?artistid=2728
"Gabriel V, Jacques",https://web.archive.org/web/20121007173024/http://www.nga.gov/cgi-bin/tsearch?artistid=12015
"Gaci, Ludovico",https://web.archive.org/web/20121007173024/http://www.nga.gov/cgi-bin/tsearch?artistid=4664
"Gacis, Ludovico",https://web.archive.org/web/20121007173024/http://www.nga.gov/cgi-bin/tsearch?artistid=4664
"Gaddi, Agnolo",https://web.archive.org/web/20121007173024/http://www.nga.gov/cgi-bin/tsearch?artistid=1327
"Gaertner, Eduard",https://web.archive.org/web/20121007173024/http://www.nga.gov/cgi-bin/tsearch?artistid=1328
"Gaertner, Johann Philipp Eduard",https://web.archive.org/web/20121007173024/http://www.nga.gov/cgi-bin/tsearch?artistid=1328
"Gaethke, George",https://web.archive.org/web/20121007173024/http://www.nga.gov/cgi-bin/tsearch?artistid=33455
"Gäfgen, Wolfgang",https://web.archive.org/web/20121007173024/http://www.nga.gov/cgi-bin/tsearch?artistid=26435
"Gag, Wanda",https://web.archive.org/web/20121007173024/http://www.nga.gov/cgi-bin/tsearch?artistid=4151
"Gág, Wanda",https://web.archive.org/web/20121007173024/http://www.nga.gov/cgi-bin/tsearch?artistid=4151
"Ga'g, Wanda",https://web.archive.org/web/20121007173024/http://www.nga.gov/cgi-bin/tsearch?artistid=4151
"Gage, D.",https://web.archive.org/web/20121007173024/http://www.nga.gov/cgi-bin/tsearch?artistid=4152
"Gaggini, Domenico",https://web.archive.org/web/20121007173024/http://www.nga.gov/cgi-bin/tsearch?artistid=2115
"Gagini, Domenico",https://web.archive.org/web/20121007173024/http://www.nga.gov/cgi-bin/tsearch?artistid=2115
"Gagliardi, Filippo",https://web.archive.org/web/20121007173024/http://www.nga.gov/cgi-bin/tsearch?artistid=19743
"Gagliardo, Bartolommeo",https://web.archive.org/web/20121007173024/http://www.nga.gov/cgi-bin/tsearch?artistid=27850
"Gagneraux, Baptiste",https://web.archive.org/web/20121007173024/http://www.nga.gov/cgi-bin/tsearch?artistid=14857
"Gaillard, Claude-Ferdinand",https://web.archive.org/web/20121007173024/http://www.nga.gov/cgi-bin/tsearch?artistid=4154
"Gaillard, Ferdinand",https://web.archive.org/web/20121007173024/http://www.nga.gov/cgi-bin/tsearch?artistid=4154
"Gaillard, René",https://web.archive.org/web/20121007173024/http://www.nga.gov/cgi-bin/tsearch?artistid=4155
"Gaillard, Robert (?)",https://web.archive.org/web/20121007173024/http://www.nga.gov/cgi-bin/tsearch?artistid=4155
"Gaillot, Bernard",https://web.archive.org/web/20121010202151/http://www.nga.gov/cgi-bin/tsearch?artistid=5762
"Gainsborough, Thomas",https://web.archive.org/web/20121010202151/http://www.nga.gov/cgi-bin/tsearch?artistid=1329
"Gaitte, Antoine Joseph",https://web.archive.org/web/20121010202151/http://www.nga.gov/cgi-bin/tsearch?artistid=19645
"Galanis, Demetrius-Emmanuel",https://web.archive.org/web/20121010202151/http://www.nga.gov/cgi-bin/tsearch?artistid=4156
"Gale, Harriette",https://web.archive.org/web/20121010202151/http://www.nga.gov/cgi-bin/tsearch?artistid=7536
"Galeotti, Pier Paolo",https://web.archive.org/web/20121010202151/http://www.nga.gov/cgi-bin/tsearch?artistid=2254
"Galeotti, Pietro Paolo",https://web.archive.org/web/20121010202151/http://www.nga.gov/cgi-bin/tsearch?artistid=2254
"Galgario, Fra",https://web.archive.org/web/20121010202151/http://www.nga.gov/cgi-bin/tsearch?artistid=1338
"Galicia, Jose Luis",https://web.archive.org/web/20121010202151/http://www.nga.gov/cgi-bin/tsearch?artistid=4157
"Galimard, Claude-Olivier",https://web.archive.org/web/20121010202151/http://www.nga.gov/cgi-bin/tsearch?artistid=4162
"Galitzin, Illarion Vladimirovich",https://web.archive.org/web/20121010202151/http://www.nga.gov/cgi-bin/tsearch?artistid=4222
"Gallaccini, Teofilo",https://web.archive.org/web/20121010202151/http://www.nga.gov/cgi-bin/tsearch?artistid=11610
"Gallaeus, Servatius",https://web.archive.org/web/20121010202151/http://www.nga.gov/cgi-bin/tsearch?artistid=30968
"Gallager, Herbert",https://web.archive.org/web/20121010202151/http://www.nga.gov/cgi-bin/tsearch?artistid=7537
"Gallagher, Michael Joseph",https://web.archive.org/web/20121010202151/http://www.nga.gov/cgi-bin/tsearch?artistid=33456
"Gallagher, Sears",https://web.archive.org/web/20121010202151/http://www.nga.gov/cgi-bin/tsearch?artistid=4158
"Galle, Joan",https://web.archive.org/web/20121010202151/http://www.nga.gov/cgi-bin/tsearch?artistid=5950
"Galle, Philip",https://web.archive.org/web/20121010202151/http://www.nga.gov/cgi-bin/tsearch?artistid=4160
"Galle, Theodor",https://web.archive.org/web/20121010202151/http://www.nga.gov/cgi-bin/tsearch?artistid=4161
"Galle I, Cornelis",https://web.archive.org/web/20121010202151/http://www.nga.gov/cgi-bin/tsearch?artistid=4159
"Galle II, Cornelis",https://web.archive.org/web/20121010202151/http://www.nga.gov/cgi-bin/tsearch?artistid=19943
"Galliari, Fabrizio",https://web.archive.org/web/20121010202151/http://www.nga.gov/cgi-bin/tsearch?artistid=6822
"Galliari, Gasparo",https://web.archive.org/web/20121010202151/http://www.nga.gov/cgi-bin/tsearch?artistid=6823
"Galliari, Giuseppino",https://web.archive.org/web/20121010202151/http://www.nga.gov/cgi-bin/tsearch?artistid=6824
"Gallimard, Claude-Olivier",https://web.archive.org/web/20121010202151/http://www.nga.gov/cgi-bin/tsearch?artistid=4162
"Gallo, Giovanni",https://web.archive.org/web/20121010202151/http://www.nga.gov/cgi-bin/tsearch?artistid=24725
"Galloway, John",https://web.archive.org/web/20121010202151/http://www.nga.gov/cgi-bin/tsearch?artistid=25856
"Galvin, Robert",https://web.archive.org/web/20121010202151/http://www.nga.gov/cgi-bin/tsearch?artistid=7538
"Gambara, Lattanzio",https://web.archive.org/web/20121010202151/http://www.nga.gov/cgi-bin/tsearch?artistid=6751
"Gambello, Antonio",https://web.archive.org/web/20121010202252/http://www.nga.gov/cgi-bin/tsearch?artistid=6454
"Gambello, Vettor, called Camelio",https://web.archive.org/web/20121010202252/http://www.nga.gov/cgi-bin/tsearch?artistid=2049
"Gambello, Vittore",https://web.archive.org/web/20121010202252/http://www.nga.gov/cgi-bin/tsearch?artistid=2049
"Gambello da San Zaccaria, Antonio",https://web.archive.org/web/20121010202252/http://www.nga.gov/cgi-bin/tsearch?artistid=6454
"Gamble, William Sylvester",https://web.archive.org/web/20121010202252/http://www.nga.gov/cgi-bin/tsearch?artistid=35055
"Gamma, Sebastiano",https://web.archive.org/web/20121010202252/http://www.nga.gov/cgi-bin/tsearch?artistid=19794
"Gammon, James",https://web.archive.org/web/20121010202252/http://www.nga.gov/cgi-bin/tsearch?artistid=6236
"Gammon, Reginald",https://web.archive.org/web/20121010202252/http://www.nga.gov/cgi-bin/tsearch?artistid=34288
"Gampert, Jean-Louis",https://web.archive.org/web/20121010202252/http://www.nga.gov/cgi-bin/tsearch?artistid=2514
"Gandara, Antonio de la",https://web.archive.org/web/20121010202252/http://www.nga.gov/cgi-bin/tsearch?artistid=19185
"Gandolfi, Gaetano",https://web.archive.org/web/20121010202252/http://www.nga.gov/cgi-bin/tsearch?artistid=2515
"Gandolfi, Ubaldo",https://web.archive.org/web/20121010202252/http://www.nga.gov/cgi-bin/tsearch?artistid=2516
"Gandon, James",https://web.archive.org/web/20121010202252/http://www.nga.gov/cgi-bin/tsearch?artistid=11491
"Gandy, Joseph",https://web.archive.org/web/20121010202252/http://www.nga.gov/cgi-bin/tsearch?artistid=11502
"Gangolf, Paul",https://web.archive.org/web/20121010202252/http://www.nga.gov/cgi-bin/tsearch?artistid=12290
"Gannett, Ruth Chrisman",https://web.archive.org/web/20121010202252/http://www.nga.gov/cgi-bin/tsearch?artistid=35029
"Gansevoort Limner, The",https://web.archive.org/web/20121010202252/http://www.nga.gov/cgi-bin/tsearch?artistid=5517
"Ganso, Emil",https://web.archive.org/web/20121010202252/http://www.nga.gov/cgi-bin/tsearch?artistid=2517
"Gantrel, Etienne",https://web.archive.org/web/20121010202252/http://www.nga.gov/cgi-bin/tsearch?artistid=6222
"Garay, John",https://web.archive.org/web/20121010202252/http://www.nga.gov/cgi-bin/tsearch?artistid=7540
"Garces, George",https://web.archive.org/web/20121010202252/http://www.nga.gov/cgi-bin/tsearch?artistid=22929
"Garcia, A.",https://web.archive.org/web/20121010202252/http://www.nga.gov/cgi-bin/tsearch?artistid=34421
"Garcia, Hector",https://web.archive.org/web/20121010202252/http://www.nga.gov/cgi-bin/tsearch?artistid=24648
"Garcia, Rupert",https://web.archive.org/web/20121010202252/http://www.nga.gov/cgi-bin/tsearch?artistid=29897
"Gardiner, Eliza Draper",https://web.archive.org/web/20121010202252/http://www.nga.gov/cgi-bin/tsearch?artistid=33457
"Gardiner, William Nelson",https://web.archive.org/web/20121010202252/http://www.nga.gov/cgi-bin/tsearch?artistid=6111
"Garding, Eric",https://web.archive.org/web/20121010202252/http://www.nga.gov/cgi-bin/tsearch?artistid=25788
"Gardner, Alexander",https://web.archive.org/web/20121010202252/http://www.nga.gov/cgi-bin/tsearch?artistid=13508
"Gardner, Charles Reed",https://web.archive.org/web/20121010202252/http://www.nga.gov/cgi-bin/tsearch?artistid=33458
"Gardner, Daniel",https://web.archive.org/web/20121010202131/http://www.nga.gov/cgi-bin/tsearch?artistid=6629
"Garfinkel, Sara",https://web.archive.org/web/20121010202131/http://www.nga.gov/cgi-bin/tsearch?artistid=7541
"Garjian, Charles",https://web.archive.org/web/20121010202131/http://www.nga.gov/cgi-bin/tsearch?artistid=7542
"Garnerey, Francois",https://web.archive.org/web/20121010202131/http://www.nga.gov/cgi-bin/tsearch?artistid=4163
"Garnerey, François Jean",https://web.archive.org/web/20121010202131/http://www.nga.gov/cgi-bin/tsearch?artistid=4163
"Garnerey, Jean-François",https://web.archive.org/web/20121010202131/http://www.nga.gov/cgi-bin/tsearch?artistid=4163
Garofalo,https://web.archive.org/web/20121010202131/http://www.nga.gov/cgi-bin/tsearch?artistid=12433
"Garrett, Adams Wirt",https://web.archive.org/web/20121010202131/http://www.nga.gov/cgi-bin/tsearch?artistid=35110
"Gartner, Eduard",https://web.archive.org/web/20121010202131/http://www.nga.gov/cgi-bin/tsearch?artistid=1328
"Garver, Jack",https://web.archive.org/web/20121010202131/http://www.nga.gov/cgi-bin/tsearch?artistid=4164
"Gasaway, John",https://web.archive.org/web/20121010202131/http://www.nga.gov/cgi-bin/tsearch?artistid=7543
"Gaskell, Anna",https://web.archive.org/web/20121010202131/http://www.nga.gov/cgi-bin/tsearch?artistid=34784
"Gaskill, Marion",https://web.archive.org/web/20121010202131/http://www.nga.gov/cgi-bin/tsearch?artistid=7544
"Gassner, Mordi",https://web.archive.org/web/20121010202131/http://www.nga.gov/cgi-bin/tsearch?artistid=33459
"Gatch, Harry Lee",https://web.archive.org/web/20121010202131/http://www.nga.gov/cgi-bin/tsearch?artistid=5495
"Gatch, Lee",https://web.archive.org/web/20121010202131/http://www.nga.gov/cgi-bin/tsearch?artistid=5495
"Gatrell, Robert M.",https://web.archive.org/web/20121010202131/http://www.nga.gov/cgi-bin/tsearch?artistid=28320
"Gatteaux, Nicolas-Marie",https://web.archive.org/web/20121010202131/http://www.nga.gov/cgi-bin/tsearch?artistid=27290
"Gatti, Oliviero",https://web.archive.org/web/20121010202131/http://www.nga.gov/cgi-bin/tsearch?artistid=4165
"Gaucher, Charles-Etienne",https://web.archive.org/web/20121010202131/http://www.nga.gov/cgi-bin/tsearch?artistid=4166
"Gaucherel, Léon",https://web.archive.org/web/20121010202131/http://www.nga.gov/cgi-bin/tsearch?artistid=4167
"Gauci, M.",https://web.archive.org/web/20121010202131/http://www.nga.gov/cgi-bin/tsearch?artistid=6112
"Gaudier, Henri",https://web.archive.org/web/20121010202131/http://www.nga.gov/cgi-bin/tsearch?artistid=34343
"Gaudier-Brzeska, Henri",https://web.archive.org/web/20121010202131/http://www.nga.gov/cgi-bin/tsearch?artistid=34343
"Gauermann, Friedrich",https://web.archive.org/web/20121010202131/http://www.nga.gov/cgi-bin/tsearch?artistid=31163
"Gaugain, Thomas",https://web.archive.org/web/20121010202131/http://www.nga.gov/cgi-bin/tsearch?artistid=4168
"Gaugengigl, Ignaz Marcel",https://web.archive.org/web/20121010202131/http://www.nga.gov/cgi-bin/tsearch?artistid=6436
"Gauguin, Paul",https://web.archive.org/web/20121010202131/http://www.nga.gov/cgi-bin/tsearch?artistid=1330
"Gaul, August",https://web.archive.org/web/20121010202131/http://www.nga.gov/cgi-bin/tsearch?artistid=4169
"Gaul, Daniel",https://web.archive.org/web/20121010202014/http://www.nga.gov/cgi-bin/tsearch?artistid=30955
"Gaul, Winfred",https://web.archive.org/web/20121010202014/http://www.nga.gov/cgi-bin/tsearch?artistid=4170
"Gaulli, Giovanni Battista",https://web.archive.org/web/20121010202014/http://www.nga.gov/cgi-bin/tsearch?artistid=5671
"Gaultier, Léonard",https://web.archive.org/web/20121010202014/http://www.nga.gov/cgi-bin/tsearch?artistid=4171
"Gausser, Eleanor",https://web.archive.org/web/20121010202014/http://www.nga.gov/cgi-bin/tsearch?artistid=7545
"Gautherot, Claude",https://web.archive.org/web/20121010202014/http://www.nga.gov/cgi-bin/tsearch?artistid=20138
"Gauthier, Laurette",https://web.archive.org/web/20121010202014/http://www.nga.gov/cgi-bin/tsearch?artistid=7546
"Gautier, Amand-Desire",https://web.archive.org/web/20121010202014/http://www.nga.gov/cgi-bin/tsearch?artistid=4172
"Gautier Dagoty, Edouard",https://web.archive.org/web/20121010202014/http://www.nga.gov/cgi-bin/tsearch?artistid=4173
"Gautier Dagoty, Jacques-Fabien",https://web.archive.org/web/20121010202014/http://www.nga.gov/cgi-bin/tsearch?artistid=21956
"Gautier Dagoty, Jean-Baptiste-André",https://web.archive.org/web/20121010202014/http://www.nga.gov/cgi-bin/tsearch?artistid=4174
"Gauvain, Jacques",https://web.archive.org/web/20121010202014/http://www.nga.gov/cgi-bin/tsearch?artistid=2116
"Gavarni, Paul",https://web.archive.org/web/20121010202014/http://www.nga.gov/cgi-bin/tsearch?artistid=2519
"Gavarni, Sulpice-Guillaume Chevalier",https://web.archive.org/web/20121010202014/http://www.nga.gov/cgi-bin/tsearch?artistid=2519
"Gay, John",https://web.archive.org/web/20121010202014/http://www.nga.gov/cgi-bin/tsearch?artistid=7102
"Gay, Winckworth Allan",https://web.archive.org/web/20121010202014/http://www.nga.gov/cgi-bin/tsearch?artistid=6724
"Gaylord, Marion",https://web.archive.org/web/20121010202014/http://www.nga.gov/cgi-bin/tsearch?artistid=7547
"Gaywood, Robert",https://web.archive.org/web/20121010202014/http://www.nga.gov/cgi-bin/tsearch?artistid=6223
"Gazovic, Vladimir",https://web.archive.org/web/20121010202014/http://www.nga.gov/cgi-bin/tsearch?artistid=22291
"Geary, Fred",https://web.archive.org/web/20121010202014/http://www.nga.gov/cgi-bin/tsearch?artistid=33460
"Gebel, Matthes",https://web.archive.org/web/20121010202014/http://www.nga.gov/cgi-bin/tsearch?artistid=2117
"Gechtoff, Sonia",https://web.archive.org/web/20121010202014/http://www.nga.gov/cgi-bin/tsearch?artistid=5917
"Geddes, Andrew",https://web.archive.org/web/20121010202014/http://www.nga.gov/cgi-bin/tsearch?artistid=25618
"Geeraerts, Marcus the Younger",https://web.archive.org/web/20121010202014/http://www.nga.gov/cgi-bin/tsearch?artistid=6631
"Geerlings, Gerald Kenneth",https://web.archive.org/web/20121010202014/http://www.nga.gov/cgi-bin/tsearch?artistid=33461
"Geffroy, Gustave",https://web.archive.org/web/20121010202014/http://www.nga.gov/cgi-bin/tsearch?artistid=22837
Gego,https://web.archive.org/web/20121010202014/http://www.nga.gov/cgi-bin/tsearch?artistid=5918
"Gehr, Mary",https://web.archive.org/web/20121010202014/http://www.nga.gov/cgi-bin/tsearch?artistid=33462
"Gehry, Frank",https://web.archive.org/web/20121010202014/http://www.nga.gov/cgi-bin/tsearch?artistid=26030
"Geiger, Robbin",https://web.archive.org/web/20121010202336/http://www.nga.gov/cgi-bin/tsearch?artistid=23282
"Geiger, Willi",https://web.archive.org/web/20121010202336/http://www.nga.gov/cgi-bin/tsearch?artistid=4176
"Geiler von Kaysersberg, Johann",https://web.archive.org/web/20121010202336/http://www.nga.gov/cgi-bin/tsearch?artistid=24423
"Geiler von Keysersperg, Johannes",https://web.archive.org/web/20121010202336/http://www.nga.gov/cgi-bin/tsearch?artistid=24423
"Geisler, Marie",https://web.archive.org/web/20121010202336/http://www.nga.gov/cgi-bin/tsearch?artistid=4177
"Geissler, Marie",https://web.archive.org/web/20121010202336/http://www.nga.gov/cgi-bin/tsearch?artistid=4177
"Geist, August Christian",https://web.archive.org/web/20121010202336/http://www.nga.gov/cgi-bin/tsearch?artistid=36281
"Gelb, Jan",https://web.archive.org/web/20121010202336/http://www.nga.gov/cgi-bin/tsearch?artistid=4178
"Gelder, Dirk van",https://web.archive.org/web/20121010202336/http://www.nga.gov/cgi-bin/tsearch?artistid=5712
"Geldorp, Georg",https://web.archive.org/web/20121010202336/http://www.nga.gov/cgi-bin/tsearch?artistid=6338
"Gellée, Claude",https://web.archive.org/web/20121010202336/http://www.nga.gov/cgi-bin/tsearch?artistid=1145
"Gellée, called Claude Lorrain, Claude",https://web.archive.org/web/20121010202336/http://www.nga.gov/cgi-bin/tsearch?artistid=1145
"Geller, Todros",https://web.archive.org/web/20121010202336/http://www.nga.gov/cgi-bin/tsearch?artistid=33463
"Gellert, Emery",https://web.archive.org/web/20121010202336/http://www.nga.gov/cgi-bin/tsearch?artistid=7548
"Gellert, Hugo",https://web.archive.org/web/20121010202336/http://www.nga.gov/cgi-bin/tsearch?artistid=33464
"Gellman, Paul",https://web.archive.org/web/20121010202336/http://www.nga.gov/cgi-bin/tsearch?artistid=25777
"Gemito, Vincenzo",https://web.archive.org/web/20121010202336/http://www.nga.gov/cgi-bin/tsearch?artistid=10167
"Gendall, John",https://web.archive.org/web/20121010202336/http://www.nga.gov/cgi-bin/tsearch?artistid=9835
"Genega, Paul",https://web.archive.org/web/20121010202336/http://www.nga.gov/cgi-bin/tsearch?artistid=7165
"Genga, Girolamo",https://web.archive.org/web/20121010202336/http://www.nga.gov/cgi-bin/tsearch?artistid=2520
"Genin, Irving D.",https://web.archive.org/web/20121010202336/http://www.nga.gov/cgi-bin/tsearch?artistid=7549
"Genis, Fred",https://web.archive.org/web/20121010202336/http://www.nga.gov/cgi-bin/tsearch?artistid=26507
"Genis, René",https://web.archive.org/web/20121010202336/http://www.nga.gov/cgi-bin/tsearch?artistid=2521
"Genoels II, Abraham",https://web.archive.org/web/20121010202336/http://www.nga.gov/cgi-bin/tsearch?artistid=4179
Genoese 17th Century,https://web.archive.org/web/20121010202336/http://www.nga.gov/cgi-bin/tsearch?artistid=34712
"Genova, Battista d'Elia da",https://web.archive.org/web/20121010202336/http://www.nga.gov/cgi-bin/tsearch?artistid=2016
"Gensler, Martin",https://web.archive.org/web/20121010202336/http://www.nga.gov/cgi-bin/tsearch?artistid=6752
"Gent, Cock van",https://web.archive.org/web/20121010202336/http://www.nga.gov/cgi-bin/tsearch?artistid=2522
Gentile da Fabriano,https://web.archive.org/web/20121010202336/http://www.nga.gov/cgi-bin/tsearch?artistid=1331
Gentile di Niccolo di Giovanni di Massio,https://web.archive.org/web/20121010202141/http://www.nga.gov/cgi-bin/tsearch?artistid=1331
Gentile di Nicolo Masi,https://web.archive.org/web/20121010202141/http://www.nga.gov/cgi-bin/tsearch?artistid=1331
"Gentileschi, Orazio",https://web.archive.org/web/20121010202141/http://www.nga.gov/cgi-bin/tsearch?artistid=1332
"Gentilini, Franco",https://web.archive.org/web/20121010202141/http://www.nga.gov/cgi-bin/tsearch?artistid=4181
"Gentry, Bruce",https://web.archive.org/web/20121010202141/http://www.nga.gov/cgi-bin/tsearch?artistid=7550
Georg Fugger Group,https://web.archive.org/web/20121010202141/http://www.nga.gov/cgi-bin/tsearch?artistid=23758
"Georgetti, Guido (Wedo)",https://web.archive.org/web/20121010202141/http://www.nga.gov/cgi-bin/tsearch?artistid=33465
"Ger, Anne",https://web.archive.org/web/20121010202141/http://www.nga.gov/cgi-bin/tsearch?artistid=7551
"Gerard, François, baron",https://web.archive.org/web/20121010202141/http://www.nga.gov/cgi-bin/tsearch?artistid=1333
"Gerard, François-Pascal-Simon baron",https://web.archive.org/web/20121010202141/http://www.nga.gov/cgi-bin/tsearch?artistid=1333
"Gérard, Léon",https://web.archive.org/web/20121010202141/http://www.nga.gov/cgi-bin/tsearch?artistid=13431
"Gerard, Marguerite",https://web.archive.org/web/20121010202141/http://www.nga.gov/cgi-bin/tsearch?artistid=4182
"Gerard, Paula",https://web.archive.org/web/20121010202141/http://www.nga.gov/cgi-bin/tsearch?artistid=33466
"Gérardin, Auguste",https://web.archive.org/web/20121010202141/http://www.nga.gov/cgi-bin/tsearch?artistid=30951
"Geremia, Cristoforo di",https://web.archive.org/web/20121010202141/http://www.nga.gov/cgi-bin/tsearch?artistid=2074
"Geremia, Innocenzo",https://web.archive.org/web/20121010202141/http://www.nga.gov/cgi-bin/tsearch?artistid=6224
"Gerhard, Dorothy M.",https://web.archive.org/web/20121010202141/http://www.nga.gov/cgi-bin/tsearch?artistid=7552
"Gerhard, Hubert",https://web.archive.org/web/20121010202141/http://www.nga.gov/cgi-bin/tsearch?artistid=6948
"Gericault, Jean-Louis-André-Théodore",https://web.archive.org/web/20121010202141/http://www.nga.gov/cgi-bin/tsearch?artistid=1334
"Gericault, Théodore",https://web.archive.org/web/20121010202141/http://www.nga.gov/cgi-bin/tsearch?artistid=1334
"Gerke, Rose",https://web.archive.org/web/20121010202141/http://www.nga.gov/cgi-bin/tsearch?artistid=7345
"Germain, Louis",https://web.archive.org/web/20121010202141/http://www.nga.gov/cgi-bin/tsearch?artistid=4184
"Germain, P.F.",https://web.archive.org/web/20121010202141/http://www.nga.gov/cgi-bin/tsearch?artistid=29236
German 12th Century,https://web.archive.org/web/20121010202141/http://www.nga.gov/cgi-bin/tsearch?artistid=4680
German 13th Century,https://web.archive.org/web/20121010202141/http://www.nga.gov/cgi-bin/tsearch?artistid=4681
German 14th Century,https://web.archive.org/web/20121010202141/http://www.nga.gov/cgi-bin/tsearch?artistid=2833
German 15th Century,https://web.archive.org/web/20121010202141/http://www.nga.gov/cgi-bin/tsearch?artistid=2834
German 15th Century (Augsburg),https://web.archive.org/web/20121010202141/http://www.nga.gov/cgi-bin/tsearch?artistid=28627
German 16th Century,https://web.archive.org/web/20121010202141/http://www.nga.gov/cgi-bin/tsearch?artistid=2835
German 16th century (Augsburg),https://web.archive.org/web/20121010202328/http://www.nga.gov/cgi-bin/tsearch?artistid=30270
German 17th Century,https://web.archive.org/web/20121010202328/http://www.nga.gov/cgi-bin/tsearch?artistid=2836
German 18th Century,https://web.archive.org/web/20121010202328/http://www.nga.gov/cgi-bin/tsearch?artistid=2837
German 19th Century,https://web.archive.org/web/20121010202328/http://www.nga.gov/cgi-bin/tsearch?artistid=2838
German 20th Century,https://web.archive.org/web/20121010202328/http://www.nga.gov/cgi-bin/tsearch?artistid=2839
"Gernon, Dorothy",https://web.archive.org/web/20121010202328/http://www.nga.gov/cgi-bin/tsearch?artistid=7553
"Gérôme, Jean-Léon",https://web.archive.org/web/20121010202328/http://www.nga.gov/cgi-bin/tsearch?artistid=6811
"Gerritz, Frank",https://web.archive.org/web/20121010202328/http://www.nga.gov/cgi-bin/tsearch?artistid=26221
"Gerritz, Franz",https://web.archive.org/web/20121010202328/http://www.nga.gov/cgi-bin/tsearch?artistid=26221
"Gersh, Louis",https://web.archive.org/web/20121010202328/http://www.nga.gov/cgi-bin/tsearch?artistid=8268
"Gershel Hunt, Alice L.",https://web.archive.org/web/20121010202328/http://www.nga.gov/cgi-bin/tsearch?artistid=33467
"Gertner, Peter",https://web.archive.org/web/20121010202328/http://www.nga.gov/cgi-bin/tsearch?artistid=1335
"Gervex, Henri",https://web.archive.org/web/20121010202328/http://www.nga.gov/cgi-bin/tsearch?artistid=30578
"Gervex, Henri Alexandre",https://web.archive.org/web/20121010202328/http://www.nga.gov/cgi-bin/tsearch?artistid=30578
"Gessner, Conrad",https://web.archive.org/web/20121010202328/http://www.nga.gov/cgi-bin/tsearch?artistid=4185
"Gessner, Johann Conrad",https://web.archive.org/web/20121010202328/http://www.nga.gov/cgi-bin/tsearch?artistid=4185
"Gessner, Salomon",https://web.archive.org/web/20121010202328/http://www.nga.gov/cgi-bin/tsearch?artistid=7006
"Gething, G.B.",https://web.archive.org/web/20121010202328/http://www.nga.gov/cgi-bin/tsearch?artistid=30388
"Geuppert, Albert",https://web.archive.org/web/20121010202328/http://www.nga.gov/cgi-bin/tsearch?artistid=7555
"Gevaerts, Jean Gaspard",https://web.archive.org/web/20121010202328/http://www.nga.gov/cgi-bin/tsearch?artistid=21379
Geyler von Keysersperg,https://web.archive.org/web/20121010202328/http://www.nga.gov/cgi-bin/tsearch?artistid=24423
"Geyser, Christian Gottlieb",https://web.archive.org/web/20121010202328/http://www.nga.gov/cgi-bin/tsearch?artistid=14747
"Gheeraerts, the Younger, Marcus",https://web.archive.org/web/20121010202328/http://www.nga.gov/cgi-bin/tsearch?artistid=6631
"Ghendt, Emmanuel Jean Nepomucène de",https://web.archive.org/web/20121010202328/http://www.nga.gov/cgi-bin/tsearch?artistid=4186
"Gherardi, Evaristo",https://web.archive.org/web/20121010202328/http://www.nga.gov/cgi-bin/tsearch?artistid=34677
"Gherardi, Filippo",https://web.archive.org/web/20121010202328/http://www.nga.gov/cgi-bin/tsearch?artistid=22896
Gherardo della Notte,https://web.archive.org/web/20121010202328/http://www.nga.gov/cgi-bin/tsearch?artistid=4378
"Gheyn, Jacques de",https://web.archive.org/web/20121010202328/http://www.nga.gov/cgi-bin/tsearch?artistid=2523
"Gheyn, Jacques de",https://web.archive.org/web/20121010202328/http://www.nga.gov/cgi-bin/tsearch?artistid=4187
"Gheyn II, Jacques de",https://web.archive.org/web/20121010202006/http://www.nga.gov/cgi-bin/tsearch?artistid=2523
"Gheyn III, Jacques de",https://web.archive.org/web/20121010202006/http://www.nga.gov/cgi-bin/tsearch?artistid=4187
"Ghezzi, Domenico di Bartolo",https://web.archive.org/web/20121010202006/http://www.nga.gov/cgi-bin/tsearch?artistid=1229
"Ghezzi, Pier Leone",https://web.archive.org/web/20121010202006/http://www.nga.gov/cgi-bin/tsearch?artistid=2524
"Ghirlandaio, Domenico",https://web.archive.org/web/20121010202006/http://www.nga.gov/cgi-bin/tsearch?artistid=1336
"Ghirlandaio, Ridolfo",https://web.archive.org/web/20121010202006/http://www.nga.gov/cgi-bin/tsearch?artistid=1337
"Ghisi, Diana",https://web.archive.org/web/20121010202006/http://www.nga.gov/cgi-bin/tsearch?artistid=3974
"Ghisi, Giorgio",https://web.archive.org/web/20121010202006/http://www.nga.gov/cgi-bin/tsearch?artistid=4188
"Ghislandi, Giuseppe",https://web.archive.org/web/20121010202006/http://www.nga.gov/cgi-bin/tsearch?artistid=1338
"Giacometti, Alberto",https://web.archive.org/web/20121010202006/http://www.nga.gov/cgi-bin/tsearch?artistid=2118
"Giacomotti, Felix-Henri",https://web.archive.org/web/20121010202006/http://www.nga.gov/cgi-bin/tsearch?artistid=6794
Giambellino,https://web.archive.org/web/20121010202006/http://www.nga.gov/cgi-bin/tsearch?artistid=936
Giambologna,https://web.archive.org/web/20121010202006/http://www.nga.gov/cgi-bin/tsearch?artistid=2032
"Giambono, Michele",https://web.archive.org/web/20121010202006/http://www.nga.gov/cgi-bin/tsearch?artistid=1339
"Giampiccoli, Giuliano",https://web.archive.org/web/20121010202006/http://www.nga.gov/cgi-bin/tsearch?artistid=4189
"Giampiccoli, Marco Sebastiano",https://web.archive.org/web/20121010202006/http://www.nga.gov/cgi-bin/tsearch?artistid=14799
Gian Cristoforo Romano,https://web.archive.org/web/20121010202006/http://www.nga.gov/cgi-bin/tsearch?artistid=2253
"Giani, Felice",https://web.archive.org/web/20121010202006/http://www.nga.gov/cgi-bin/tsearch?artistid=5879
"Gianni, Felice",https://web.archive.org/web/20121010202006/http://www.nga.gov/cgi-bin/tsearch?artistid=5879
Giannicola di Paolo,https://web.archive.org/web/20121010202006/http://www.nga.gov/cgi-bin/tsearch?artistid=1340
"Giannini, Giuliano",https://web.archive.org/web/20121010202006/http://www.nga.gov/cgi-bin/tsearch?artistid=2119
"Giannini, Sebastiano",https://web.archive.org/web/20121010202006/http://www.nga.gov/cgi-bin/tsearch?artistid=21519
"Giannini, Ugo",https://web.archive.org/web/20121010202006/http://www.nga.gov/cgi-bin/tsearch?artistid=33468
"Giaquinto, Corrado",https://web.archive.org/web/20121010202006/http://www.nga.gov/cgi-bin/tsearch?artistid=25290
"Giardini, Giovanni",https://web.archive.org/web/20121010202006/http://www.nga.gov/cgi-bin/tsearch?artistid=21348
"Gibbes, Winifred",https://web.archive.org/web/20121010202006/http://www.nga.gov/cgi-bin/tsearch?artistid=7556
"Gibbings, Robert",https://web.archive.org/web/20121010202006/http://www.nga.gov/cgi-bin/tsearch?artistid=4190
"Gibbo, Pearl",https://web.archive.org/web/20121010202006/http://www.nga.gov/cgi-bin/tsearch?artistid=7557
"Gibbs, Jacob",https://web.archive.org/web/20121010202006/http://www.nga.gov/cgi-bin/tsearch?artistid=20930
"Gibbs, James",https://web.archive.org/web/20121010202407/http://www.nga.gov/cgi-bin/tsearch?artistid=6010
"Gibbs, James M.",https://web.archive.org/web/20121010202407/http://www.nga.gov/cgi-bin/tsearch?artistid=2525
"Gibson, Charles Dana",https://web.archive.org/web/20121010202407/http://www.nga.gov/cgi-bin/tsearch?artistid=2526
"Gibson, Lydia",https://web.archive.org/web/20121010202407/http://www.nga.gov/cgi-bin/tsearch?artistid=33469
"Gibson, Ralph",https://web.archive.org/web/20121010202407/http://www.nga.gov/cgi-bin/tsearch?artistid=17610
"Gibson, William Hamilton",https://web.archive.org/web/20121010202407/http://www.nga.gov/cgi-bin/tsearch?artistid=5736
"Giddens, Philip Harris",https://web.archive.org/web/20121010202407/http://www.nga.gov/cgi-bin/tsearch?artistid=4191
"Gide, André",https://web.archive.org/web/20121010202407/http://www.nga.gov/cgi-bin/tsearch?artistid=22839
"Gielens, Jacob",https://web.archive.org/web/20121010202407/http://www.nga.gov/cgi-bin/tsearch?artistid=7558
"Gierman, Emily",https://web.archive.org/web/20121010202407/http://www.nga.gov/cgi-bin/tsearch?artistid=7559
"Gieryszewski, Ryszard",https://web.archive.org/web/20121010202407/http://www.nga.gov/cgi-bin/tsearch?artistid=24009
"Gies, Ludwig",https://web.archive.org/web/20121010202407/http://www.nga.gov/cgi-bin/tsearch?artistid=28015
"Giesen, Jan",https://web.archive.org/web/20121010202407/http://www.nga.gov/cgi-bin/tsearch?artistid=5702
"Giesen, Johann Theodorus",https://web.archive.org/web/20121010202407/http://www.nga.gov/cgi-bin/tsearch?artistid=5702
"Giffard, Walter Damon",https://web.archive.org/web/20121010202407/http://www.nga.gov/cgi-bin/tsearch?artistid=35404
"Giffart, Pierre",https://web.archive.org/web/20121010202407/http://www.nga.gov/cgi-bin/tsearch?artistid=12008
"Gifford, George",https://web.archive.org/web/20121010202407/http://www.nga.gov/cgi-bin/tsearch?artistid=6225
"Gifford, Robert Swain",https://web.archive.org/web/20121010202407/http://www.nga.gov/cgi-bin/tsearch?artistid=6416
"Gifford, Sanford Robinson",https://web.archive.org/web/20121010202407/http://www.nga.gov/cgi-bin/tsearch?artistid=2527
"Gignoux, Régis François",https://web.archive.org/web/20121010202407/http://www.nga.gov/cgi-bin/tsearch?artistid=2528
"Giguere, Roland",https://web.archive.org/web/20121010202407/http://www.nga.gov/cgi-bin/tsearch?artistid=4192
"Gijón, Francisco Antonio",https://web.archive.org/web/20121010202407/http://www.nga.gov/cgi-bin/tsearch?artistid=27890
"Gikow, Ruth",https://web.archive.org/web/20121010202407/http://www.nga.gov/cgi-bin/tsearch?artistid=33470
"Gilbert, Alfred, Sir",https://web.archive.org/web/20121010202407/http://www.nga.gov/cgi-bin/tsearch?artistid=5775
"Gilbert, John Conrad",https://web.archive.org/web/20121010202407/http://www.nga.gov/cgi-bin/tsearch?artistid=5717
"Gilbert, Louise",https://web.archive.org/web/20121010202407/http://www.nga.gov/cgi-bin/tsearch?artistid=34235
"Gilchrist, Alexander",https://web.archive.org/web/20121010202407/http://www.nga.gov/cgi-bin/tsearch?artistid=7007
"Gilchrist, Lucille",https://web.archive.org/web/20121010202407/http://www.nga.gov/cgi-bin/tsearch?artistid=7560
"Giles, James William",https://web.archive.org/web/20121010202407/http://www.nga.gov/cgi-bin/tsearch?artistid=6090
"Gilkey, Gordon Waverly",https://web.archive.org/web/20121010202110/http://www.nga.gov/cgi-bin/tsearch?artistid=29760
"Gill, Eric",https://web.archive.org/web/20121010202110/http://www.nga.gov/cgi-bin/tsearch?artistid=9836
"Gill, Eugene",https://web.archive.org/web/20121010202110/http://www.nga.gov/cgi-bin/tsearch?artistid=7561
"Giller, William",https://web.archive.org/web/20121010202110/http://www.nga.gov/cgi-bin/tsearch?artistid=6113
"Gillespie, Gregory",https://web.archive.org/web/20121010202110/http://www.nga.gov/cgi-bin/tsearch?artistid=10041
"Gillespie, Gregory Joseph",https://web.archive.org/web/20121010202110/http://www.nga.gov/cgi-bin/tsearch?artistid=10041
"Gilliam, Sam",https://web.archive.org/web/20121010202110/http://www.nga.gov/cgi-bin/tsearch?artistid=6537
"Gillot, Claude",https://web.archive.org/web/20121010202110/http://www.nga.gov/cgi-bin/tsearch?artistid=4193
"Gillot, Firmin",https://web.archive.org/web/20121010202110/http://www.nga.gov/cgi-bin/tsearch?artistid=13286
"Gillray, James",https://web.archive.org/web/20121010202110/http://www.nga.gov/cgi-bin/tsearch?artistid=6047
"Gills, Robert T.",https://web.archive.org/web/20121010202110/http://www.nga.gov/cgi-bin/tsearch?artistid=7562
"Gilman, Helen E.",https://web.archive.org/web/20121010202110/http://www.nga.gov/cgi-bin/tsearch?artistid=7563
"Gilmour, Leon",https://web.archive.org/web/20121010202110/http://www.nga.gov/cgi-bin/tsearch?artistid=34170
"Gilot, Francoise",https://web.archive.org/web/20121010202110/http://www.nga.gov/cgi-bin/tsearch?artistid=4194
"Gilpin, Laura",https://web.archive.org/web/20121010202110/http://www.nga.gov/cgi-bin/tsearch?artistid=24649
"Gilpin, Sawrey",https://web.archive.org/web/20121010202110/http://www.nga.gov/cgi-bin/tsearch?artistid=6039
"Gilpin, William",https://web.archive.org/web/20121010202110/http://www.nga.gov/cgi-bin/tsearch?artistid=6548
"Gilsleider, E.J.",https://web.archive.org/web/20121010202110/http://www.nga.gov/cgi-bin/tsearch?artistid=7564
"Gilson, Robert",https://web.archive.org/web/20121010202110/http://www.nga.gov/cgi-bin/tsearch?artistid=7565
"Gindra, Karl",https://web.archive.org/web/20121010202110/http://www.nga.gov/cgi-bin/tsearch?artistid=27776
"Ginet, Henri",https://web.archive.org/web/20121010202110/http://www.nga.gov/cgi-bin/tsearch?artistid=4195
"Ginno, Elizabeth de Gebele",https://web.archive.org/web/20121010202110/http://www.nga.gov/cgi-bin/tsearch?artistid=33471
"Ginsberg, Allen",https://web.archive.org/web/20121010202110/http://www.nga.gov/cgi-bin/tsearch?artistid=14571
"Ginzel, Roland F.",https://web.archive.org/web/20121010202110/http://www.nga.gov/cgi-bin/tsearch?artistid=35086
"Giolito de' Ferrara, Gabriele",https://web.archive.org/web/20121010202110/http://www.nga.gov/cgi-bin/tsearch?artistid=4196
"Giordano, Luca",https://web.archive.org/web/20121010202110/http://www.nga.gov/cgi-bin/tsearch?artistid=2529
"Giorgio, Francesco di",https://web.archive.org/web/20121010202110/http://www.nga.gov/cgi-bin/tsearch?artistid=1318
Giorgio da Gubbio,https://web.archive.org/web/20121010202110/http://www.nga.gov/cgi-bin/tsearch?artistid=2312
Giorgio Mantuano,https://web.archive.org/web/20121010202110/http://www.nga.gov/cgi-bin/tsearch?artistid=4188
Giorgione,https://web.archive.org/web/20121010202255/http://www.nga.gov/cgi-bin/tsearch?artistid=1341
"Giorno, John",https://web.archive.org/web/20121010202255/http://www.nga.gov/cgi-bin/tsearch?artistid=10596
Giotto,https://web.archive.org/web/20121010202255/http://www.nga.gov/cgi-bin/tsearch?artistid=1342
Giotto di Bondone,https://web.archive.org/web/20121010202255/http://www.nga.gov/cgi-bin/tsearch?artistid=1342
"Giovanni, Benvenuto di",https://web.archive.org/web/20121010202255/http://www.nga.gov/cgi-bin/tsearch?artistid=954
Giovanni Antonio da Brescia,https://web.archive.org/web/20121010202255/http://www.nga.gov/cgi-bin/tsearch?artistid=4197
Giovanni da Castelbolognese,https://web.archive.org/web/20121010202255/http://www.nga.gov/cgi-bin/tsearch?artistid=2024
Giovanni da Fiesole,https://web.archive.org/web/20121010202255/http://www.nga.gov/cgi-bin/tsearch?artistid=99
Giovanni da Pisa,https://web.archive.org/web/20121010202255/http://www.nga.gov/cgi-bin/tsearch?artistid=2120
Giovanni da Udine,https://web.archive.org/web/20121010202255/http://www.nga.gov/cgi-bin/tsearch?artistid=18986
Giovanni d'Alemagna,https://web.archive.org/web/20121010202255/http://www.nga.gov/cgi-bin/tsearch?artistid=26980
Giovanni della Vite,https://web.archive.org/web/20121010202255/http://www.nga.gov/cgi-bin/tsearch?artistid=4985
Giovanni di Balduccio,https://web.archive.org/web/20121010202255/http://www.nga.gov/cgi-bin/tsearch?artistid=2120
Giovanni di Domenico,https://web.archive.org/web/20121010202255/http://www.nga.gov/cgi-bin/tsearch?artistid=5511
Giovanni di Fondulino Fonduli da Crema,https://web.archive.org/web/20121010202255/http://www.nga.gov/cgi-bin/tsearch?artistid=2180
"Giovanni di Mone Cassai, Tommaso di",https://web.archive.org/web/20121010202255/http://www.nga.gov/cgi-bin/tsearch?artistid=1688
Giovanni di Paolo,https://web.archive.org/web/20121010202255/http://www.nga.gov/cgi-bin/tsearch?artistid=1343
Giovanni di Turino,https://web.archive.org/web/20121010202255/http://www.nga.gov/cgi-bin/tsearch?artistid=2121
"Giovannoli, Aloisio",https://web.archive.org/web/20121010202255/http://www.nga.gov/cgi-bin/tsearch?artistid=11655
"Girard, Romain",https://web.archive.org/web/20121010202255/http://www.nga.gov/cgi-bin/tsearch?artistid=4199
"Girardet, Abraham",https://web.archive.org/web/20121010202255/http://www.nga.gov/cgi-bin/tsearch?artistid=4200
"Girardon, François",https://web.archive.org/web/20121010202255/http://www.nga.gov/cgi-bin/tsearch?artistid=6146
"Giraud, Antoine Cosme",https://web.archive.org/web/20121010202255/http://www.nga.gov/cgi-bin/tsearch?artistid=4201
"Giraud, Victor",https://web.archive.org/web/20121010202255/http://www.nga.gov/cgi-bin/tsearch?artistid=6795
Giraud le jeune,https://web.archive.org/web/20121010202255/http://www.nga.gov/cgi-bin/tsearch?artistid=4201
"Giraudon's Artist, Auguste",https://web.archive.org/web/20121010202255/http://www.nga.gov/cgi-bin/tsearch?artistid=26506
"Giraudoux, Jean",https://web.archive.org/web/20121010202255/http://www.nga.gov/cgi-bin/tsearch?artistid=14548
"Girls, Guerrilla",https://web.archive.org/web/20121010202255/http://www.nga.gov/cgi-bin/tsearch?artistid=30994
"Girodet de Roussy-Trioson, Anne-Louis",https://web.archive.org/web/20121010202255/http://www.nga.gov/cgi-bin/tsearch?artistid=4204
"Girodet-Trioson, Anne-Louis",https://web.archive.org/web/20121010202314/http://www.nga.gov/cgi-bin/tsearch?artistid=4204
Girolamo da Carpi,https://web.archive.org/web/20121010202314/http://www.nga.gov/cgi-bin/tsearch?artistid=1345
Girolamo da Sermoneta,https://web.archive.org/web/20121010202314/http://www.nga.gov/cgi-bin/tsearch?artistid=2749
Girolamo da Treviso II,https://web.archive.org/web/20121010202314/http://www.nga.gov/cgi-bin/tsearch?artistid=2531
Girolamo dai Libri,https://web.archive.org/web/20121010202314/http://www.nga.gov/cgi-bin/tsearch?artistid=2530
Girolamo di Benvenuto,https://web.archive.org/web/20121010202314/http://www.nga.gov/cgi-bin/tsearch?artistid=1344
Girolamo di Benvenuto di Giovannidel Guasta,https://web.archive.org/web/20121010202314/http://www.nga.gov/cgi-bin/tsearch?artistid=1344
Girolamo di Romano,https://web.archive.org/web/20121010202314/http://www.nga.gov/cgi-bin/tsearch?artistid=9811
"Girometti, Giuseppe",https://web.archive.org/web/20121010202314/http://www.nga.gov/cgi-bin/tsearch?artistid=21720
"Gironella, Alberto",https://web.archive.org/web/20121010202314/http://www.nga.gov/cgi-bin/tsearch?artistid=4205
"Giroux, André",https://web.archive.org/web/20121010202314/http://www.nga.gov/cgi-bin/tsearch?artistid=9679
"Giroux, Charles",https://web.archive.org/web/20121010202314/http://www.nga.gov/cgi-bin/tsearch?artistid=13283
"Girtin, Thomas",https://web.archive.org/web/20121010202314/http://www.nga.gov/cgi-bin/tsearch?artistid=4206
"Gisch, William S.",https://web.archive.org/web/20121010202314/http://www.nga.gov/cgi-bin/tsearch?artistid=33472
"Gischia, Léon",https://web.archive.org/web/20121010202314/http://www.nga.gov/cgi-bin/tsearch?artistid=26213
Giuliano di Scipione,https://web.archive.org/web/20121010202314/http://www.nga.gov/cgi-bin/tsearch?artistid=5533
Giulio di Pietro de'Gianuzzi,https://web.archive.org/web/20121010202314/http://www.nga.gov/cgi-bin/tsearch?artistid=2532
Giulio Romano,https://web.archive.org/web/20121010202314/http://www.nga.gov/cgi-bin/tsearch?artistid=2532
"Glackens, William",https://web.archive.org/web/20121010202314/http://www.nga.gov/cgi-bin/tsearch?artistid=1347
"Glackens, William James",https://web.archive.org/web/20121010202314/http://www.nga.gov/cgi-bin/tsearch?artistid=1347
"Glankoff, Sam",https://web.archive.org/web/20121010202314/http://www.nga.gov/cgi-bin/tsearch?artistid=33473
"Glarner, Fritz",https://web.archive.org/web/20121010202314/http://www.nga.gov/cgi-bin/tsearch?artistid=4207
"Glasell, Don Emil",https://web.archive.org/web/20121010202314/http://www.nga.gov/cgi-bin/tsearch?artistid=34991
"Glasgow, Everett W.",https://web.archive.org/web/20121010202314/http://www.nga.gov/cgi-bin/tsearch?artistid=33474
"Glasier, Alice Geneva",https://web.archive.org/web/20121010202314/http://www.nga.gov/cgi-bin/tsearch?artistid=4517
"Glassgold, Harry",https://web.archive.org/web/20121010202314/http://www.nga.gov/cgi-bin/tsearch?artistid=34673
"Glassman, Stephen",https://web.archive.org/web/20121010202314/http://www.nga.gov/cgi-bin/tsearch?artistid=26029
"Glauber, Johannes",https://web.archive.org/web/20121010202314/http://www.nga.gov/cgi-bin/tsearch?artistid=26109
"Gleeson, Charles K.",https://web.archive.org/web/20121010202314/http://www.nga.gov/cgi-bin/tsearch?artistid=16509
"Gleizes, Albert",https://web.archive.org/web/20121010202239/http://www.nga.gov/cgi-bin/tsearch?artistid=1348
"Glicenstein, Enrico",https://web.archive.org/web/20121010202239/http://www.nga.gov/cgi-bin/tsearch?artistid=4209
"Glicenstein, Henryk",https://web.archive.org/web/20121010202239/http://www.nga.gov/cgi-bin/tsearch?artistid=4209
"Glier, Michael",https://web.archive.org/web/20121010202239/http://www.nga.gov/cgi-bin/tsearch?artistid=6515
"Glier, Mike",https://web.archive.org/web/20121010202239/http://www.nga.gov/cgi-bin/tsearch?artistid=6515
"Glinn, Burt",https://web.archive.org/web/20121010202239/http://www.nga.gov/cgi-bin/tsearch?artistid=30427
"Glintenkamp, Henry J.",https://web.archive.org/web/20121010202239/http://www.nga.gov/cgi-bin/tsearch?artistid=33475
"Glover, George",https://web.archive.org/web/20121010202239/http://www.nga.gov/cgi-bin/tsearch?artistid=6226
"Glover, Gladys M.",https://web.archive.org/web/20121010202239/http://www.nga.gov/cgi-bin/tsearch?artistid=7603
"Glover, John",https://web.archive.org/web/20121010202239/http://www.nga.gov/cgi-bin/tsearch?artistid=6492
"Glover, Joseph",https://web.archive.org/web/20121010202239/http://www.nga.gov/cgi-bin/tsearch?artistid=7566
"Glovicic, Juraj",https://web.archive.org/web/20121010202239/http://www.nga.gov/cgi-bin/tsearch?artistid=9812
"Glume, Johann Gottlieb",https://web.archive.org/web/20121010202239/http://www.nga.gov/cgi-bin/tsearch?artistid=35409
"Gmelin, Wilhelm Friedrich",https://web.archive.org/web/20121010202239/http://www.nga.gov/cgi-bin/tsearch?artistid=6525
"Gnoli, Domenico",https://web.archive.org/web/20121010202239/http://www.nga.gov/cgi-bin/tsearch?artistid=4210
"Gobel, Bartholomaus",https://web.archive.org/web/20121010202239/http://www.nga.gov/cgi-bin/tsearch?artistid=4859
"Gober, Robert",https://web.archive.org/web/20121010202239/http://www.nga.gov/cgi-bin/tsearch?artistid=23412
"Gobert, Pierre",https://web.archive.org/web/20121010202239/http://www.nga.gov/cgi-bin/tsearch?artistid=4211
"Godby, James",https://web.archive.org/web/20121010202239/http://www.nga.gov/cgi-bin/tsearch?artistid=6355
"Goddard, John",https://web.archive.org/web/20121010202239/http://www.nga.gov/cgi-bin/tsearch?artistid=4212
"Godefroy, François",https://web.archive.org/web/20121010202239/http://www.nga.gov/cgi-bin/tsearch?artistid=4213
"Godefroy, Jean",https://web.archive.org/web/20121010202239/http://www.nga.gov/cgi-bin/tsearch?artistid=4214
"Godefroy, John",https://web.archive.org/web/20121010202239/http://www.nga.gov/cgi-bin/tsearch?artistid=4214
"Godfrey, Frances",https://web.archive.org/web/20121010202239/http://www.nga.gov/cgi-bin/tsearch?artistid=7567
"Godwin, Beatrice",https://web.archive.org/web/20121010202239/http://www.nga.gov/cgi-bin/tsearch?artistid=1973
"Goeneutte, Norbert",https://web.archive.org/web/20121010202239/http://www.nga.gov/cgi-bin/tsearch?artistid=4215
"Goerg, Edouard",https://web.archive.org/web/20121010202239/http://www.nga.gov/cgi-bin/tsearch?artistid=4218
"Goering, Helmut",https://web.archive.org/web/20121010202239/http://www.nga.gov/cgi-bin/tsearch?artistid=4217
"Goes, Hugo van der",https://web.archive.org/web/20121010202239/http://www.nga.gov/cgi-bin/tsearch?artistid=2533
"Goes, Marinus Robin van der",https://web.archive.org/web/20121010202004/http://www.nga.gov/cgi-bin/tsearch?artistid=4820
"Goethe, Johann Wolfgang von",https://web.archive.org/web/20121010202004/http://www.nga.gov/cgi-bin/tsearch?artistid=7128
"Goetz, Gottfried Bernhard",https://web.archive.org/web/20121010202004/http://www.nga.gov/cgi-bin/tsearch?artistid=28972
"Goetz, James Russell",https://web.archive.org/web/20121010202004/http://www.nga.gov/cgi-bin/tsearch?artistid=33476
"Goetz, Johannes",https://web.archive.org/web/20121010202004/http://www.nga.gov/cgi-bin/tsearch?artistid=2122
"Goetz, Karl",https://web.archive.org/web/20121010202004/http://www.nga.gov/cgi-bin/tsearch?artistid=28016
Goetzloff,https://web.archive.org/web/20121010202004/http://www.nga.gov/cgi-bin/tsearch?artistid=31168
"Gogh, Vincent van",https://web.archive.org/web/20121010202004/http://www.nga.gov/cgi-bin/tsearch?artistid=1349
"Gogol, Nicolas",https://web.archive.org/web/20121010202004/http://www.nga.gov/cgi-bin/tsearch?artistid=12388
"Gogol, Nikolai",https://web.archive.org/web/20121010202004/http://www.nga.gov/cgi-bin/tsearch?artistid=12388
"Gogol, Nikolai Vasilevich",https://web.archive.org/web/20121010202004/http://www.nga.gov/cgi-bin/tsearch?artistid=12388
"Gogorza, Maitland De",https://web.archive.org/web/20121010202004/http://www.nga.gov/cgi-bin/tsearch?artistid=33347
"Gohlke, Frank",https://web.archive.org/web/20121010202004/http://www.nga.gov/cgi-bin/tsearch?artistid=24650
"Goirand, Claude",https://web.archive.org/web/20121010202004/http://www.nga.gov/cgi-bin/tsearch?artistid=4237
"Gold, Albert",https://web.archive.org/web/20121010202004/http://www.nga.gov/cgi-bin/tsearch?artistid=7568
"Goldbaum, Meyer",https://web.archive.org/web/20121010202004/http://www.nga.gov/cgi-bin/tsearch?artistid=7569
"Goldberg, Chaim",https://web.archive.org/web/20121010202004/http://www.nga.gov/cgi-bin/tsearch?artistid=4219
"Goldberg, Isadore",https://web.archive.org/web/20121010202004/http://www.nga.gov/cgi-bin/tsearch?artistid=7570
"Goldberg, Joseph",https://web.archive.org/web/20121010202004/http://www.nga.gov/cgi-bin/tsearch?artistid=7571
"Goldberg, Michael",https://web.archive.org/web/20121010202004/http://www.nga.gov/cgi-bin/tsearch?artistid=10132
"Goldberg, Miriam",https://web.archive.org/web/20121010202004/http://www.nga.gov/cgi-bin/tsearch?artistid=8277
"Golden, Margaret",https://web.archive.org/web/20121010202004/http://www.nga.gov/cgi-bin/tsearch?artistid=7572
"Goldin, Leon",https://web.archive.org/web/20121010202004/http://www.nga.gov/cgi-bin/tsearch?artistid=33478
"Goldin, Nan",https://web.archive.org/web/20121010202004/http://www.nga.gov/cgi-bin/tsearch?artistid=30428
"Goldman, Florence",https://web.archive.org/web/20121010202004/http://www.nga.gov/cgi-bin/tsearch?artistid=35065
"Goldmann, Nikolaus",https://web.archive.org/web/20121010202004/http://www.nga.gov/cgi-bin/tsearch?artistid=11732
"Goldová, Sona",https://web.archive.org/web/20121010202004/http://www.nga.gov/cgi-bin/tsearch?artistid=32779
"Goldschmidt, Gertrude",https://web.archive.org/web/20121010202004/http://www.nga.gov/cgi-bin/tsearch?artistid=5918
"Goldsmith, Oliver",https://web.archive.org/web/20121010202004/http://www.nga.gov/cgi-bin/tsearch?artistid=7154
"Goldstein, Alfred",https://web.archive.org/web/20121010202217/http://www.nga.gov/cgi-bin/tsearch?artistid=7573
"Goldstein, Milton",https://web.archive.org/web/20121010202217/http://www.nga.gov/cgi-bin/tsearch?artistid=4220
"Goldstein, Philip",https://web.archive.org/web/20121010202217/http://www.nga.gov/cgi-bin/tsearch?artistid=4273
"Goldston, Bill",https://web.archive.org/web/20121010202217/http://www.nga.gov/cgi-bin/tsearch?artistid=11208
"Goldsworthy, Andy",https://web.archive.org/web/20121010202217/http://www.nga.gov/cgi-bin/tsearch?artistid=28027
"Goldthwaite, Anne",https://web.archive.org/web/20121010202217/http://www.nga.gov/cgi-bin/tsearch?artistid=4221
"Gole, Jacob",https://web.archive.org/web/20121010202217/http://www.nga.gov/cgi-bin/tsearch?artistid=10645
"Golinkin, Joseph Webster",https://web.archive.org/web/20121010202217/http://www.nga.gov/cgi-bin/tsearch?artistid=33479
"Golitsyn, Illarion Vladimirovich",https://web.archive.org/web/20121010202217/http://www.nga.gov/cgi-bin/tsearch?artistid=4222
"Golitzyn, Illarion Vladimirovich",https://web.archive.org/web/20121010202217/http://www.nga.gov/cgi-bin/tsearch?artistid=4222
"Goltz, Conrad",https://web.archive.org/web/20121010202217/http://www.nga.gov/cgi-bin/tsearch?artistid=4223
"Goltzius, Conrad",https://web.archive.org/web/20121010202217/http://www.nga.gov/cgi-bin/tsearch?artistid=4223
"Goltzius, Hendrik",https://web.archive.org/web/20121010202217/http://www.nga.gov/cgi-bin/tsearch?artistid=2534
"Goltzius, Workshop of Hendrik",https://web.archive.org/web/20121010202217/http://www.nga.gov/cgi-bin/tsearch?artistid=27791
"Golub, Leon Albert",https://web.archive.org/web/20121010202217/http://www.nga.gov/cgi-bin/tsearch?artistid=5919
"Gomenkov, Ivan Stepanovich",https://web.archive.org/web/20121010202217/http://www.nga.gov/cgi-bin/tsearch?artistid=4224
"Gomez, Greg",https://web.archive.org/web/20121010202217/http://www.nga.gov/cgi-bin/tsearch?artistid=19843
"Gomez, Rafaela",https://web.archive.org/web/20121010202217/http://www.nga.gov/cgi-bin/tsearch?artistid=7574
"Gomez, Rafael Garcia",https://web.archive.org/web/20121010202217/http://www.nga.gov/cgi-bin/tsearch?artistid=5913
"Gómez de la Serna, Ramón",https://web.archive.org/web/20121010202217/http://www.nga.gov/cgi-bin/tsearch?artistid=30848
"Gomez de Valencia, Felipe",https://web.archive.org/web/20121010202217/http://www.nga.gov/cgi-bin/tsearch?artistid=2535
"Gomez y Navia, José",https://web.archive.org/web/20121010202217/http://www.nga.gov/cgi-bin/tsearch?artistid=11656
"Goncharova, Natalija Sergeevna",https://web.archive.org/web/20121010202217/http://www.nga.gov/cgi-bin/tsearch?artistid=6854
"Gonord, Pierre",https://web.archive.org/web/20121010202217/http://www.nga.gov/cgi-bin/tsearch?artistid=6675
"Gontcharova, Natalia",https://web.archive.org/web/20121010202217/http://www.nga.gov/cgi-bin/tsearch?artistid=6854
"Gonzaga, Pietro",https://web.archive.org/web/20121010202217/http://www.nga.gov/cgi-bin/tsearch?artistid=6850
"Gonzalès, Eva",https://web.archive.org/web/20121010202217/http://www.nga.gov/cgi-bin/tsearch?artistid=30296
"Gonzales, Jose Victoriano",https://web.archive.org/web/20121010202217/http://www.nga.gov/cgi-bin/tsearch?artistid=1359
"González, Teo",https://web.archive.org/web/20121010202217/http://www.nga.gov/cgi-bin/tsearch?artistid=29226
"Good, Frank Mason",https://web.archive.org/web/20121010202023/http://www.nga.gov/cgi-bin/tsearch?artistid=32743
"Good, George White",https://web.archive.org/web/20121010202023/http://www.nga.gov/cgi-bin/tsearch?artistid=33480
"Good, Leonard",https://web.archive.org/web/20121010202023/http://www.nga.gov/cgi-bin/tsearch?artistid=33481
"Good, Minetta",https://web.archive.org/web/20121010202023/http://www.nga.gov/cgi-bin/tsearch?artistid=7575
"Good, Minnetta",https://web.archive.org/web/20121010202023/http://www.nga.gov/cgi-bin/tsearch?artistid=7575
"Goodacre, W.J.",https://web.archive.org/web/20121010202023/http://www.nga.gov/cgi-bin/tsearch?artistid=7576
"Goodall, T.F.",https://web.archive.org/web/20121010202023/http://www.nga.gov/cgi-bin/tsearch?artistid=16033
"Goode, Joe",https://web.archive.org/web/20121010202023/http://www.nga.gov/cgi-bin/tsearch?artistid=5641
"Goode, Joe Mr.",https://web.archive.org/web/20121010202023/http://www.nga.gov/cgi-bin/tsearch?artistid=5641
"Goode, M.A.",https://web.archive.org/web/20121010202023/http://www.nga.gov/cgi-bin/tsearch?artistid=1350
"Goodell, William Newport",https://web.archive.org/web/20121010202023/http://www.nga.gov/cgi-bin/tsearch?artistid=33482
"Gooden, Stephen",https://web.archive.org/web/20121010202023/http://www.nga.gov/cgi-bin/tsearch?artistid=4225
"Goodman, Bertram",https://web.archive.org/web/20121010202023/http://www.nga.gov/cgi-bin/tsearch?artistid=33483
"Goodman, Harry",https://web.archive.org/web/20121010202023/http://www.nga.gov/cgi-bin/tsearch?artistid=7577
"Goodman, Jon",https://web.archive.org/web/20121010202023/http://www.nga.gov/cgi-bin/tsearch?artistid=23507
"Goodman, Mattie P.",https://web.archive.org/web/20121010202023/http://www.nga.gov/cgi-bin/tsearch?artistid=7578
"Goodman, Sam",https://web.archive.org/web/20121010202023/http://www.nga.gov/cgi-bin/tsearch?artistid=4226
"Goodman, William",https://web.archive.org/web/20121010202023/http://www.nga.gov/cgi-bin/tsearch?artistid=4227
"Goodnough, Robert",https://web.archive.org/web/20121010202023/http://www.nga.gov/cgi-bin/tsearch?artistid=4228
"Goodnough, Robert Arthur",https://web.archive.org/web/20121010202023/http://www.nga.gov/cgi-bin/tsearch?artistid=4228
"Goodwin, Charles",https://web.archive.org/web/20121010202023/http://www.nga.gov/cgi-bin/tsearch?artistid=7580
"Goodwin, Mrs.",https://web.archive.org/web/20121010202023/http://www.nga.gov/cgi-bin/tsearch?artistid=7579
"Goos, Pieter",https://web.archive.org/web/20121010202023/http://www.nga.gov/cgi-bin/tsearch?artistid=37182
"Goranson, Paul",https://web.archive.org/web/20121010202023/http://www.nga.gov/cgi-bin/tsearch?artistid=33484
"Gorbaty, Norman",https://web.archive.org/web/20121010202023/http://www.nga.gov/cgi-bin/tsearch?artistid=33485
"Gordon, Jean",https://web.archive.org/web/20121010202023/http://www.nga.gov/cgi-bin/tsearch?artistid=7581
"Gordon, Margaret",https://web.archive.org/web/20121010202023/http://www.nga.gov/cgi-bin/tsearch?artistid=7582
"Gordy, Robert",https://web.archive.org/web/20121010202023/http://www.nga.gov/cgi-bin/tsearch?artistid=6516
"Gorelick, Boris",https://web.archive.org/web/20121010202023/http://www.nga.gov/cgi-bin/tsearch?artistid=24411
"Gorgoni, Gianfranco",https://web.archive.org/web/20121010202246/http://www.nga.gov/cgi-bin/tsearch?artistid=33013
"Gorid, Nicholas",https://web.archive.org/web/20121010202246/http://www.nga.gov/cgi-bin/tsearch?artistid=7583
"Gorky, Arshile",https://web.archive.org/web/20121010202246/http://www.nga.gov/cgi-bin/tsearch?artistid=1351
"Gorman, R.C.",https://web.archive.org/web/20121010202246/http://www.nga.gov/cgi-bin/tsearch?artistid=4229
"Gorman, Rudolph Carl",https://web.archive.org/web/20121010202246/http://www.nga.gov/cgi-bin/tsearch?artistid=4229
"Gornik, April",https://web.archive.org/web/20121010202246/http://www.nga.gov/cgi-bin/tsearch?artistid=22311
"Gorny, Anthony Peter",https://web.archive.org/web/20121010202246/http://www.nga.gov/cgi-bin/tsearch?artistid=6736
"Gorp, Henri Nicolas van",https://web.archive.org/web/20121010202246/http://www.nga.gov/cgi-bin/tsearch?artistid=4230
"Gorsline, Douglas Warner",https://web.archive.org/web/20121010202246/http://www.nga.gov/cgi-bin/tsearch?artistid=4231
"Gossaert, Jan",https://web.archive.org/web/20121010202246/http://www.nga.gov/cgi-bin/tsearch?artistid=1352
"Gosse, Sylvia",https://web.archive.org/web/20121010202246/http://www.nga.gov/cgi-bin/tsearch?artistid=6668
"Gotcliffe, Sid",https://web.archive.org/web/20121010202246/http://www.nga.gov/cgi-bin/tsearch?artistid=35054
"Gothein, Werner",https://web.archive.org/web/20121010202246/http://www.nga.gov/cgi-bin/tsearch?artistid=26436
"Goto, Joseph",https://web.archive.org/web/20121010202246/http://www.nga.gov/cgi-bin/tsearch?artistid=33487
"Gottlieb, Adolph",https://web.archive.org/web/20121010202246/http://www.nga.gov/cgi-bin/tsearch?artistid=2536
"Gottlieb, Harry",https://web.archive.org/web/20121010202246/http://www.nga.gov/cgi-bin/tsearch?artistid=33488
"Götz, Gottfried Bernhard",https://web.archive.org/web/20121010202246/http://www.nga.gov/cgi-bin/tsearch?artistid=28972
"Götz, Johannes",https://web.archive.org/web/20121010202246/http://www.nga.gov/cgi-bin/tsearch?artistid=2122
"Götzloff, Carl Wilhelm",https://web.archive.org/web/20121010202246/http://www.nga.gov/cgi-bin/tsearch?artistid=31168
"Goudt, Hendrik",https://web.archive.org/web/20121010202246/http://www.nga.gov/cgi-bin/tsearch?artistid=4232
"Gould, Elizabeth",https://web.archive.org/web/20121010202246/http://www.nga.gov/cgi-bin/tsearch?artistid=4233
"Gould, John",https://web.archive.org/web/20121010202246/http://www.nga.gov/cgi-bin/tsearch?artistid=4234
"Gourdaine, Sébastien-Louis-Guillaume Norblin de la",https://web.archive.org/web/20121010202246/http://www.nga.gov/cgi-bin/tsearch?artistid=28432
"Gourdelle, Pierre",https://web.archive.org/web/20121010202246/http://www.nga.gov/cgi-bin/tsearch?artistid=6235
"Gourley, Louita",https://web.archive.org/web/20121010202246/http://www.nga.gov/cgi-bin/tsearch?artistid=7584
"Gourmont I, Jean de",https://web.archive.org/web/20121010202246/http://www.nga.gov/cgi-bin/tsearch?artistid=4236
"Goussier, Louis-Jacques",https://web.archive.org/web/20121010202246/http://www.nga.gov/cgi-bin/tsearch?artistid=18414
"Gowin, Emmet",https://web.archive.org/web/20121010202246/http://www.nga.gov/cgi-bin/tsearch?artistid=9759
"Gowin, Emmet Mr.",https://web.archive.org/web/20121010202246/http://www.nga.gov/cgi-bin/tsearch?artistid=9759
"Gowy, Jacob Peter",https://web.archive.org/web/20121010202352/http://www.nga.gov/cgi-bin/tsearch?artistid=6050
"Goya, Francisco de",https://web.archive.org/web/20121010202352/http://www.nga.gov/cgi-bin/tsearch?artistid=1353
"Goya y Lucientes, Francisco Jose de",https://web.archive.org/web/20121010202352/http://www.nga.gov/cgi-bin/tsearch?artistid=1353
"Goyen, Jan van",https://web.archive.org/web/20121010202352/http://www.nga.gov/cgi-bin/tsearch?artistid=1354
"Goyrand, Claude",https://web.archive.org/web/20121010202352/http://www.nga.gov/cgi-bin/tsearch?artistid=4237
"Göz, Gottfried Bernhard",https://web.archive.org/web/20121010202352/http://www.nga.gov/cgi-bin/tsearch?artistid=28972
"Gozzoli, Benozzo",https://web.archive.org/web/20121010202352/http://www.nga.gov/cgi-bin/tsearch?artistid=1355
"Graaf, Josua de",https://web.archive.org/web/20121010202352/http://www.nga.gov/cgi-bin/tsearch?artistid=2537
"Grabowski, Jerzy",https://web.archive.org/web/20121010202352/http://www.nga.gov/cgi-bin/tsearch?artistid=24005
"Grachev, Mikhail",https://web.archive.org/web/20121010202352/http://www.nga.gov/cgi-bin/tsearch?artistid=24651
"Graf I, Urs",https://web.archive.org/web/20121010202352/http://www.nga.gov/cgi-bin/tsearch?artistid=4238
"Graff, Anton",https://web.archive.org/web/20121010202352/http://www.nga.gov/cgi-bin/tsearch?artistid=4239
"Graff, Herman",https://web.archive.org/web/20121010202352/http://www.nga.gov/cgi-bin/tsearch?artistid=33489
"Graffigny, Francoise d'Issembourg d'Happoncourt, dame de",https://web.archive.org/web/20121010202352/http://www.nga.gov/cgi-bin/tsearch?artistid=7008
"Graham, Dan",https://web.archive.org/web/20121010202352/http://www.nga.gov/cgi-bin/tsearch?artistid=10133
"Graham, Daniel H.",https://web.archive.org/web/20121010202352/http://www.nga.gov/cgi-bin/tsearch?artistid=10133
"Graham, Ernest",https://web.archive.org/web/20121010202352/http://www.nga.gov/cgi-bin/tsearch?artistid=7585
"Graham, F. Wynn",https://web.archive.org/web/20121010202352/http://www.nga.gov/cgi-bin/tsearch?artistid=33490
"Graham, John D.",https://web.archive.org/web/20121010202352/http://www.nga.gov/cgi-bin/tsearch?artistid=26056
"Graham, Robert",https://web.archive.org/web/20121010202352/http://www.nga.gov/cgi-bin/tsearch?artistid=4240
"Graham, Robert MacDonald",https://web.archive.org/web/20121010202352/http://www.nga.gov/cgi-bin/tsearch?artistid=34930
"Grain, Frederick K.",https://web.archive.org/web/20121010202352/http://www.nga.gov/cgi-bin/tsearch?artistid=6488
"Gramatté, Walter",https://web.archive.org/web/20121010202352/http://www.nga.gov/cgi-bin/tsearch?artistid=6670
"Gramberg, Liliana",https://web.archive.org/web/20121010202352/http://www.nga.gov/cgi-bin/tsearch?artistid=4241
"Grambs, Blanche Mary",https://web.archive.org/web/20121010202352/http://www.nga.gov/cgi-bin/tsearch?artistid=25832
Grandma Moses,https://web.archive.org/web/20121010202352/http://www.nga.gov/cgi-bin/tsearch?artistid=23622
"Grandville, Jean-Ignace-Isidore",https://web.archive.org/web/20121010202352/http://www.nga.gov/cgi-bin/tsearch?artistid=9795
"Grandville, Jean-Ignace-Isidore Gérard",https://web.archive.org/web/20121010202352/http://www.nga.gov/cgi-bin/tsearch?artistid=9795
"Grandville, Jean-Jacques",https://web.archive.org/web/20121010202352/http://www.nga.gov/cgi-bin/tsearch?artistid=29565
"Granet, François-Marius",https://web.archive.org/web/20121010202213/http://www.nga.gov/cgi-bin/tsearch?artistid=6927
"Granet, Henry",https://web.archive.org/web/20121010202213/http://www.nga.gov/cgi-bin/tsearch?artistid=7586
"Granger, Charles Henry",https://web.archive.org/web/20121010202213/http://www.nga.gov/cgi-bin/tsearch?artistid=6596
"Grannan, Katy",https://web.archive.org/web/20121010202213/http://www.nga.gov/cgi-bin/tsearch?artistid=34786
"Grant, Alistair",https://web.archive.org/web/20121010202213/http://www.nga.gov/cgi-bin/tsearch?artistid=4242
"Grant, Clement Rollins",https://web.archive.org/web/20121010202213/http://www.nga.gov/cgi-bin/tsearch?artistid=33491
"Grant, D.J.",https://web.archive.org/web/20121010202213/http://www.nga.gov/cgi-bin/tsearch?artistid=7587
"Grant, Edward",https://web.archive.org/web/20121010202213/http://www.nga.gov/cgi-bin/tsearch?artistid=7588
"Grant, Florence H.",https://web.archive.org/web/20121010202213/http://www.nga.gov/cgi-bin/tsearch?artistid=7307
"Grant, Gordon Hope",https://web.archive.org/web/20121010202213/http://www.nga.gov/cgi-bin/tsearch?artistid=4243
"Grant, Joan",https://web.archive.org/web/20121010202213/http://www.nga.gov/cgi-bin/tsearch?artistid=33492
"Granthomme, Jacques",https://web.archive.org/web/20121010202213/http://www.nga.gov/cgi-bin/tsearch?artistid=6227
"Granville, Edmond Mario",https://web.archive.org/web/20121010202213/http://www.nga.gov/cgi-bin/tsearch?artistid=33493
"Grapp, Wendling",https://web.archive.org/web/20121010202213/http://www.nga.gov/cgi-bin/tsearch?artistid=11460
"Grashow, James Bruce",https://web.archive.org/web/20121010202213/http://www.nga.gov/cgi-bin/tsearch?artistid=33494
"Grasset, Eugène",https://web.archive.org/web/20121010202213/http://www.nga.gov/cgi-bin/tsearch?artistid=13287
"Grasset, Eugène Samuel",https://web.archive.org/web/20121010202213/http://www.nga.gov/cgi-bin/tsearch?artistid=13287
"Grateloup, Jean-Baptiste de",https://web.archive.org/web/20121010202213/http://www.nga.gov/cgi-bin/tsearch?artistid=4244
"Grave, Josua de",https://web.archive.org/web/20121010202213/http://www.nga.gov/cgi-bin/tsearch?artistid=2537
"Gravelot, Hubert François",https://web.archive.org/web/20121010202213/http://www.nga.gov/cgi-bin/tsearch?artistid=2538
"Graves, Morris",https://web.archive.org/web/20121010202213/http://www.nga.gov/cgi-bin/tsearch?artistid=22355
"Graves, Nancy",https://web.archive.org/web/20121010202213/http://www.nga.gov/cgi-bin/tsearch?artistid=5988
"Graves, Nancy Stevenson",https://web.archive.org/web/20121010202213/http://www.nga.gov/cgi-bin/tsearch?artistid=5988
"Graves, Robert",https://web.archive.org/web/20121010202213/http://www.nga.gov/cgi-bin/tsearch?artistid=6228
"Gray, Cleve",https://web.archive.org/web/20121010202213/http://www.nga.gov/cgi-bin/tsearch?artistid=4245
"Gray, Frank",https://web.archive.org/web/20121010202213/http://www.nga.gov/cgi-bin/tsearch?artistid=7591
"Gray, Joseph",https://web.archive.org/web/20121010202213/http://www.nga.gov/cgi-bin/tsearch?artistid=4246
"Gray, Rosamond P.",https://web.archive.org/web/20121010202213/http://www.nga.gov/cgi-bin/tsearch?artistid=7592
"Gray, Thomas",https://web.archive.org/web/20121010202213/http://www.nga.gov/cgi-bin/tsearch?artistid=13264
"Grazda, Ryszard",https://web.archive.org/web/20121010202421/http://www.nga.gov/cgi-bin/tsearch?artistid=23958
"Grazier, John",https://web.archive.org/web/20121010202421/http://www.nga.gov/cgi-bin/tsearch?artistid=5646
"Grazius, G.Z.",https://web.archive.org/web/20121010202421/http://www.nga.gov/cgi-bin/tsearch?artistid=14748
"Grazzini, Benedetto de'",https://web.archive.org/web/20121010202421/http://www.nga.gov/cgi-bin/tsearch?artistid=2022
"Greason, Donald Carlisle",https://web.archive.org/web/20121010202421/http://www.nga.gov/cgi-bin/tsearch?artistid=3873
"Greatbach, William",https://web.archive.org/web/20121010202421/http://www.nga.gov/cgi-bin/tsearch?artistid=6229
"Grechetto, il",https://web.archive.org/web/20121010202421/http://www.nga.gov/cgi-bin/tsearch?artistid=2426
"Grechetto, Il",https://web.archive.org/web/20121010202421/http://www.nga.gov/cgi-bin/tsearch?artistid=2124
"Greco, El",https://web.archive.org/web/20121010202421/http://www.nga.gov/cgi-bin/tsearch?artistid=1356
"Greeley, John",https://web.archive.org/web/20121010202421/http://www.nga.gov/cgi-bin/tsearch?artistid=4248
"Green, Linda",https://web.archive.org/web/20121010202421/http://www.nga.gov/cgi-bin/tsearch?artistid=23544
"Green, Russell",https://web.archive.org/web/20121010202421/http://www.nga.gov/cgi-bin/tsearch?artistid=33495
"Green, Valentine",https://web.archive.org/web/20121010202421/http://www.nga.gov/cgi-bin/tsearch?artistid=4249
"Greenberg, Erika",https://web.archive.org/web/20121010202421/http://www.nga.gov/cgi-bin/tsearch?artistid=27203
"Greenberger, Isabelle",https://web.archive.org/web/20121010202421/http://www.nga.gov/cgi-bin/tsearch?artistid=33496
"Greenberg-Schneider, Erika",https://web.archive.org/web/20121010202421/http://www.nga.gov/cgi-bin/tsearch?artistid=27060
"Greenburg, Samuel",https://web.archive.org/web/20121010202421/http://www.nga.gov/cgi-bin/tsearch?artistid=33497
"Greene, Balcomb",https://web.archive.org/web/20121010202421/http://www.nga.gov/cgi-bin/tsearch?artistid=34992
"Greene, Barbara",https://web.archive.org/web/20121010202421/http://www.nga.gov/cgi-bin/tsearch?artistid=34718
"Greene, Gertrude",https://web.archive.org/web/20121010202421/http://www.nga.gov/cgi-bin/tsearch?artistid=33498
"Greene, John Beasley",https://web.archive.org/web/20121010202421/http://www.nga.gov/cgi-bin/tsearch?artistid=13441
"Greene, Mina",https://web.archive.org/web/20121010202421/http://www.nga.gov/cgi-bin/tsearch?artistid=7593
"Greene, Myra",https://web.archive.org/web/20121010202421/http://www.nga.gov/cgi-bin/tsearch?artistid=36264
"Greene, Stephen",https://web.archive.org/web/20121010202421/http://www.nga.gov/cgi-bin/tsearch?artistid=27440
"Greenfield-Sanders, Timothy",https://web.archive.org/web/20121010202421/http://www.nga.gov/cgi-bin/tsearch?artistid=10521
"Greenleaf, Benjamin",https://web.archive.org/web/20121010202421/http://www.nga.gov/cgi-bin/tsearch?artistid=5520
"Greenough, Horatio",https://web.archive.org/web/20121010202421/http://www.nga.gov/cgi-bin/tsearch?artistid=2539
"Greenwald, Bernard",https://web.archive.org/web/20121010202421/http://www.nga.gov/cgi-bin/tsearch?artistid=4250
"Greenwell, John",https://web.archive.org/web/20121010202421/http://www.nga.gov/cgi-bin/tsearch?artistid=7594
"Greenwood, Grace",https://web.archive.org/web/20121010202052/http://www.nga.gov/cgi-bin/tsearch?artistid=33499
"Greenwood, John",https://web.archive.org/web/20121010202052/http://www.nga.gov/cgi-bin/tsearch?artistid=1357
"Greenwood, John Frederick",https://web.archive.org/web/20121010202052/http://www.nga.gov/cgi-bin/tsearch?artistid=6602
"Greenwood, Marion K.",https://web.archive.org/web/20121010202052/http://www.nga.gov/cgi-bin/tsearch?artistid=33500
"Gregg, Arlington",https://web.archive.org/web/20121010202052/http://www.nga.gov/cgi-bin/tsearch?artistid=7595
"Gregori, Carlo",https://web.archive.org/web/20121010202052/http://www.nga.gov/cgi-bin/tsearch?artistid=4251
"Gregori, Ferdinando",https://web.archive.org/web/20121010202052/http://www.nga.gov/cgi-bin/tsearch?artistid=31314
Gregorio di Lorenzo,https://web.archive.org/web/20121010202052/http://www.nga.gov/cgi-bin/tsearch?artistid=34869
"Gregorius, Albert Jakob Frans",https://web.archive.org/web/20121010202052/http://www.nga.gov/cgi-bin/tsearch?artistid=4252
"Gregory, Frank M.",https://web.archive.org/web/20121010202052/http://www.nga.gov/cgi-bin/tsearch?artistid=35121
"Gregory, Horace",https://web.archive.org/web/20121010202052/http://www.nga.gov/cgi-bin/tsearch?artistid=21201
"Gregory, John Worthington",https://web.archive.org/web/20121010202052/http://www.nga.gov/cgi-bin/tsearch?artistid=35109
"Greiner, Otto",https://web.archive.org/web/20121010202052/http://www.nga.gov/cgi-bin/tsearch?artistid=5588
"Gresley, Major F.",https://web.archive.org/web/20121010202052/http://www.nga.gov/cgi-bin/tsearch?artistid=30292
"Gresset, Jean-Baptiste-Louis",https://web.archive.org/web/20121010202052/http://www.nga.gov/cgi-bin/tsearch?artistid=7010
"Greuter, Johann Friedrich",https://web.archive.org/web/20121010202052/http://www.nga.gov/cgi-bin/tsearch?artistid=19741
"Greuter, Joseph",https://web.archive.org/web/20121010202052/http://www.nga.gov/cgi-bin/tsearch?artistid=6230
"Greuter, Matthaus",https://web.archive.org/web/20121010202052/http://www.nga.gov/cgi-bin/tsearch?artistid=6231
"Greuze, Jean-Baptiste",https://web.archive.org/web/20121010202052/http://www.nga.gov/cgi-bin/tsearch?artistid=1358
"Greville, 3rd earl of Warwick, Henry Richard",https://web.archive.org/web/20121010202052/http://www.nga.gov/cgi-bin/tsearch?artistid=3351
"Grévin, Alfred",https://web.archive.org/web/20121010202052/http://www.nga.gov/cgi-bin/tsearch?artistid=6864
"Gribelin II, Simon",https://web.archive.org/web/20121010202052/http://www.nga.gov/cgi-bin/tsearch?artistid=4257
"Grien, Hans Baldung",https://web.archive.org/web/20121010202052/http://www.nga.gov/cgi-bin/tsearch?artistid=323
"Griffen, Davenport",https://web.archive.org/web/20121010202052/http://www.nga.gov/cgi-bin/tsearch?artistid=33501
"Griffith, LeRoy",https://web.archive.org/web/20121010202052/http://www.nga.gov/cgi-bin/tsearch?artistid=7597
"Griffith, Scott",https://web.archive.org/web/20121010202052/http://www.nga.gov/cgi-bin/tsearch?artistid=25906
"Griggs, F.L.",https://web.archive.org/web/20121010202052/http://www.nga.gov/cgi-bin/tsearch?artistid=2540
"Griggs, Frederick Landseer Maur",https://web.archive.org/web/20121010202052/http://www.nga.gov/cgi-bin/tsearch?artistid=2540
"Grignion, Charles",https://web.archive.org/web/20121010202052/http://www.nga.gov/cgi-bin/tsearch?artistid=6035
"Grignon, Jacques",https://web.archive.org/web/20121010202416/http://www.nga.gov/cgi-bin/tsearch?artistid=19778
"Grigsby, Jefferson Eugene Jr.",https://web.archive.org/web/20121010202416/http://www.nga.gov/cgi-bin/tsearch?artistid=34289
"Grillo, John",https://web.archive.org/web/20121010202416/http://www.nga.gov/cgi-bin/tsearch?artistid=5920
"Grilo, Sarah",https://web.archive.org/web/20121010202416/http://www.nga.gov/cgi-bin/tsearch?artistid=6581
"Grimaldi, Giovanni Francesco",https://web.archive.org/web/20121010202416/http://www.nga.gov/cgi-bin/tsearch?artistid=4258
"Grimer, Abel",https://web.archive.org/web/20121010202416/http://www.nga.gov/cgi-bin/tsearch?artistid=5522
"Grimes, Eula L.",https://web.archive.org/web/20121010202416/http://www.nga.gov/cgi-bin/tsearch?artistid=33502
"Grimm, Ludwig Emil",https://web.archive.org/web/20121010202416/http://www.nga.gov/cgi-bin/tsearch?artistid=31466
"Grimm, Samuel Hieronymus",https://web.archive.org/web/20121010202416/http://www.nga.gov/cgi-bin/tsearch?artistid=9837
"Grimm, Wilhelm",https://web.archive.org/web/20121010202416/http://www.nga.gov/cgi-bin/tsearch?artistid=4259
"Grimmer, Abel",https://web.archive.org/web/20121010202416/http://www.nga.gov/cgi-bin/tsearch?artistid=5522
"Grippe, Peter",https://web.archive.org/web/20121010202416/http://www.nga.gov/cgi-bin/tsearch?artistid=4260
"Grippi, Salvatore",https://web.archive.org/web/20121010202416/http://www.nga.gov/cgi-bin/tsearch?artistid=21176
"Gris, Juan",https://web.archive.org/web/20121010202416/http://www.nga.gov/cgi-bin/tsearch?artistid=1359
"Griswold, Casimir Clayton",https://web.archive.org/web/20121010202416/http://www.nga.gov/cgi-bin/tsearch?artistid=2541
"Gromaire, Marcel",https://web.archive.org/web/20121010202416/http://www.nga.gov/cgi-bin/tsearch?artistid=1360
"Grooms, Red",https://web.archive.org/web/20121010202416/http://www.nga.gov/cgi-bin/tsearch?artistid=2542
"Gropper, William",https://web.archive.org/web/20121010202416/http://www.nga.gov/cgi-bin/tsearch?artistid=2543
"Gros, Antoine-Jean",https://web.archive.org/web/20121010202416/http://www.nga.gov/cgi-bin/tsearch?artistid=1361
"Gros, Antoine-Jean baron",https://web.archive.org/web/20121010202416/http://www.nga.gov/cgi-bin/tsearch?artistid=1361
"Grospietsch, Florian",https://web.archive.org/web/20121010202416/http://www.nga.gov/cgi-bin/tsearch?artistid=23936
"Gross, Anthony",https://web.archive.org/web/20121010202416/http://www.nga.gov/cgi-bin/tsearch?artistid=4261
"Gross, Chaim",https://web.archive.org/web/20121010202416/http://www.nga.gov/cgi-bin/tsearch?artistid=25857
"Gross, Frantisek",https://web.archive.org/web/20121010202416/http://www.nga.gov/cgi-bin/tsearch?artistid=24768
"Gross, James",https://web.archive.org/web/20121010202416/http://www.nga.gov/cgi-bin/tsearch?artistid=7598
"Gross, Joseph",https://web.archive.org/web/20121010202416/http://www.nga.gov/cgi-bin/tsearch?artistid=7599
"Gross, Valentine",https://web.archive.org/web/20121010202416/http://www.nga.gov/cgi-bin/tsearch?artistid=4397
"Gross-Bettelheim, Jolán",https://web.archive.org/web/20121010202416/http://www.nga.gov/cgi-bin/tsearch?artistid=29761
"Grossen, Harry",https://web.archive.org/web/20121010202416/http://www.nga.gov/cgi-bin/tsearch?artistid=7600
"Grossman, Elias M.",https://web.archive.org/web/20121010202028/http://www.nga.gov/cgi-bin/tsearch?artistid=4262
"Grossman, Nancy",https://web.archive.org/web/20121010202028/http://www.nga.gov/cgi-bin/tsearch?artistid=27215
"Grossman, Rudolf",https://web.archive.org/web/20121010202028/http://www.nga.gov/cgi-bin/tsearch?artistid=4263
"Grossman, Sid",https://web.archive.org/web/20121010202028/http://www.nga.gov/cgi-bin/tsearch?artistid=24652
"Grosvenor, Robert",https://web.archive.org/web/20121010202028/http://www.nga.gov/cgi-bin/tsearch?artistid=10134
"Grosz, George",https://web.archive.org/web/20121010202028/http://www.nga.gov/cgi-bin/tsearch?artistid=2544
"Groth, Jan",https://web.archive.org/web/20121010202028/http://www.nga.gov/cgi-bin/tsearch?artistid=10135
"Groth, John August",https://web.archive.org/web/20121010202028/http://www.nga.gov/cgi-bin/tsearch?artistid=33503
"Grotius, H.",https://web.archive.org/web/20121010202028/http://www.nga.gov/cgi-bin/tsearch?artistid=6369
"Groux, Henri de",https://web.archive.org/web/20121010202028/http://www.nga.gov/cgi-bin/tsearch?artistid=17814
"Groux, Henry Jules Charles Corneille de",https://web.archive.org/web/20121010202028/http://www.nga.gov/cgi-bin/tsearch?artistid=17814
"Grove, John Montgomery",https://web.archive.org/web/20121010202028/http://www.nga.gov/cgi-bin/tsearch?artistid=34689
"Grubstein, Milton",https://web.archive.org/web/20121010202028/http://www.nga.gov/cgi-bin/tsearch?artistid=7601
"Gruner, Wilhelm Heinrich Ludwig",https://web.archive.org/web/20121010202028/http://www.nga.gov/cgi-bin/tsearch?artistid=11534
"Grünewald, Matthias",https://web.archive.org/web/20121010202028/http://www.nga.gov/cgi-bin/tsearch?artistid=1362
"Grünler, Christian Heinrich",https://web.archive.org/web/20121010202028/http://www.nga.gov/cgi-bin/tsearch?artistid=14757
"Grygar, Milan",https://web.archive.org/web/20121010202028/http://www.nga.gov/cgi-bin/tsearch?artistid=24826
"Guaccialotti, Andrea",https://web.archive.org/web/20121010202028/http://www.nga.gov/cgi-bin/tsearch?artistid=2125
"Guacialoti, Andrea",https://web.archive.org/web/20121010202028/http://www.nga.gov/cgi-bin/tsearch?artistid=2125
"Guacialotti, Andrea",https://web.archive.org/web/20121010202028/http://www.nga.gov/cgi-bin/tsearch?artistid=2125
"Gualdoni, Dan",https://web.archive.org/web/20121010202028/http://www.nga.gov/cgi-bin/tsearch?artistid=15444
"Guarana, Jacopo",https://web.archive.org/web/20121010202028/http://www.nga.gov/cgi-bin/tsearch?artistid=6080
"Guardi, Antonio",https://web.archive.org/web/20121010202028/http://www.nga.gov/cgi-bin/tsearch?artistid=5523
"Guardi, Francesco",https://web.archive.org/web/20121010202028/http://www.nga.gov/cgi-bin/tsearch?artistid=1363
"Guardi, Giacomo",https://web.archive.org/web/20121010202028/http://www.nga.gov/cgi-bin/tsearch?artistid=2545
"Guardi, Gianantonio",https://web.archive.org/web/20121010202028/http://www.nga.gov/cgi-bin/tsearch?artistid=5523
"Guardi, Gian Antonio",https://web.archive.org/web/20121010202028/http://www.nga.gov/cgi-bin/tsearch?artistid=5523
"Guarini, Guarino",https://web.archive.org/web/20121010202028/http://www.nga.gov/cgi-bin/tsearch?artistid=11613
"Guarino, Joseph",https://web.archive.org/web/20121010202028/http://www.nga.gov/cgi-bin/tsearch?artistid=8270
"Guay, Jacques",https://web.archive.org/web/20121010202122/http://www.nga.gov/cgi-bin/tsearch?artistid=4264
"Guazzalotti, Andrea",https://web.archive.org/web/20121010202122/http://www.nga.gov/cgi-bin/tsearch?artistid=2125
Gubbio 16th Century,https://web.archive.org/web/20121010202122/http://www.nga.gov/cgi-bin/tsearch?artistid=6952
"Gucht, Gerard van der",https://web.archive.org/web/20121010202122/http://www.nga.gov/cgi-bin/tsearch?artistid=21908
"Gucht, Michiel van der",https://web.archive.org/web/20121010202122/http://www.nga.gov/cgi-bin/tsearch?artistid=4265
"Gudmundsson, Gudmundur",https://web.archive.org/web/20121010202122/http://www.nga.gov/cgi-bin/tsearch?artistid=4266
"Guerard, Amedee",https://web.archive.org/web/20121010202122/http://www.nga.gov/cgi-bin/tsearch?artistid=4270
"Guérard, Henri-Charles",https://web.archive.org/web/20121010202122/http://www.nga.gov/cgi-bin/tsearch?artistid=4267
Guercino,https://web.archive.org/web/20121010202122/http://www.nga.gov/cgi-bin/tsearch?artistid=1364
"Guérin, Charles",https://web.archive.org/web/20121010202122/http://www.nga.gov/cgi-bin/tsearch?artistid=18399
"Guérin, Charles-François-Prosper",https://web.archive.org/web/20121010202122/http://www.nga.gov/cgi-bin/tsearch?artistid=18399
"Guerin, Pierre-Narcisse, baron",https://web.archive.org/web/20121010202122/http://www.nga.gov/cgi-bin/tsearch?artistid=4269
"Guernieri, Giovanni Francesco",https://web.archive.org/web/20121010202122/http://www.nga.gov/cgi-bin/tsearch?artistid=11535
"Guerra, Flora G.",https://web.archive.org/web/20121010202122/http://www.nga.gov/cgi-bin/tsearch?artistid=7602
"Guerra, Giovanni",https://web.archive.org/web/20121010202122/http://www.nga.gov/cgi-bin/tsearch?artistid=2548
"Guersant, E.",https://web.archive.org/web/20121010202122/http://www.nga.gov/cgi-bin/tsearch?artistid=4271
Guidi di Nicolò Schippe,https://web.archive.org/web/20121010202122/http://www.nga.gov/cgi-bin/tsearch?artistid=2314
"Guidizani, Marco",https://web.archive.org/web/20121010202122/http://www.nga.gov/cgi-bin/tsearch?artistid=2126
Guido da Castello Durante,https://web.archive.org/web/20121010202122/http://www.nga.gov/cgi-bin/tsearch?artistid=2314
Guido di Pietro,https://web.archive.org/web/20121010202122/http://www.nga.gov/cgi-bin/tsearch?artistid=99
"Guidobono, Bartolomeo",https://web.archive.org/web/20121010202122/http://www.nga.gov/cgi-bin/tsearch?artistid=6667
"Guiducci, Angelo",https://web.archive.org/web/20121010202122/http://www.nga.gov/cgi-bin/tsearch?artistid=19786
"Guienotti, Francesco",https://web.archive.org/web/20121010202122/http://www.nga.gov/cgi-bin/tsearch?artistid=14726
"Guigou, Paul",https://web.archive.org/web/20121010202122/http://www.nga.gov/cgi-bin/tsearch?artistid=31010
"Guilbeau, Honoré Cooke",https://web.archive.org/web/20121010202122/http://www.nga.gov/cgi-bin/tsearch?artistid=33504
"Guillaudeu, Gladys M.",https://web.archive.org/web/20121010202122/http://www.nga.gov/cgi-bin/tsearch?artistid=7603
"Courtois, Guillaume",https://web.archive.org/web/20121010202122/http://www.nga.gov/cgi-bin/tsearch?artistid=9734
"Guillaumin, Armand",https://web.archive.org/web/20121010202122/http://www.nga.gov/cgi-bin/tsearch?artistid=1365
"Guillaumin, Jean-Baptiste-Armand",https://web.archive.org/web/20121010202122/http://www.nga.gov/cgi-bin/tsearch?artistid=1365
"Guillevic, Eugene",https://web.archive.org/web/20121010202021/http://www.nga.gov/cgi-bin/tsearch?artistid=7110
"Guilloux, Charles",https://web.archive.org/web/20121010202021/http://www.nga.gov/cgi-bin/tsearch?artistid=22832
"Guimard, Hector",https://web.archive.org/web/20121010202021/http://www.nga.gov/cgi-bin/tsearch?artistid=23194
"Guinier, Étienne (?)",https://web.archive.org/web/20121010202021/http://www.nga.gov/cgi-bin/tsearch?artistid=20184
"Guinier, Nicolas",https://web.archive.org/web/20121010202021/http://www.nga.gov/cgi-bin/tsearch?artistid=20184
"Guinta, Jerry",https://web.archive.org/web/20121010202021/http://www.nga.gov/cgi-bin/tsearch?artistid=7604
Guiot,https://web.archive.org/web/20121010202021/http://www.nga.gov/cgi-bin/tsearch?artistid=11457
"Guiramand, Paul",https://web.archive.org/web/20121010202021/http://www.nga.gov/cgi-bin/tsearch?artistid=36415
"Gulich, Ludwig",https://web.archive.org/web/20121010202021/http://www.nga.gov/cgi-bin/tsearch?artistid=12302
"Gully, Alvin M.",https://web.archive.org/web/20121010202021/http://www.nga.gov/cgi-bin/tsearch?artistid=7605
"Gundelach, Matthäus",https://web.archive.org/web/20121010202021/http://www.nga.gov/cgi-bin/tsearch?artistid=36087
"Gunn, Harriet",https://web.archive.org/web/20121010202021/http://www.nga.gov/cgi-bin/tsearch?artistid=6114
"Gunst, Pieter Stevens van",https://web.archive.org/web/20121010202021/http://www.nga.gov/cgi-bin/tsearch?artistid=4272
"Günther, Christian August",https://web.archive.org/web/20121010202021/http://www.nga.gov/cgi-bin/tsearch?artistid=23738
"Günther, Franz Ignaz",https://web.archive.org/web/20121010202021/http://www.nga.gov/cgi-bin/tsearch?artistid=30026
"Günther, Matthäus",https://web.archive.org/web/20121010202021/http://www.nga.gov/cgi-bin/tsearch?artistid=31130
"Gurlitt, Fritz",https://web.archive.org/web/20121010202021/http://www.nga.gov/cgi-bin/tsearch?artistid=34812
"Gurney, Jeremiah",https://web.archive.org/web/20121010202021/http://www.nga.gov/cgi-bin/tsearch?artistid=34871
"Gurr, Lena",https://web.archive.org/web/20121010202021/http://www.nga.gov/cgi-bin/tsearch?artistid=33505
Gury,https://web.archive.org/web/20121010202021/http://www.nga.gov/cgi-bin/tsearch?artistid=3791
"Gussow, Bernard",https://web.archive.org/web/20121010202021/http://www.nga.gov/cgi-bin/tsearch?artistid=7606
"Guston, Philip",https://web.archive.org/web/20121010202021/http://www.nga.gov/cgi-bin/tsearch?artistid=4273
"Guterl, Raymond",https://web.archive.org/web/20121010202021/http://www.nga.gov/cgi-bin/tsearch?artistid=7607
"Gutfreund, Oto",https://web.archive.org/web/20121010202021/http://www.nga.gov/cgi-bin/tsearch?artistid=26060
"Gutierrez, Nicola",https://web.archive.org/web/20121010202021/http://www.nga.gov/cgi-bin/tsearch?artistid=19787
"Gutman, Bernhard",https://web.archive.org/web/20121010202021/http://www.nga.gov/cgi-bin/tsearch?artistid=33506
"Gutmann, John",https://web.archive.org/web/20121010202021/http://www.nga.gov/cgi-bin/tsearch?artistid=24653
"Guttenberg, Carl",https://web.archive.org/web/20121010202021/http://www.nga.gov/cgi-bin/tsearch?artistid=4274
"Guttenberg, Carl Gottfried",https://web.archive.org/web/20121010202021/http://www.nga.gov/cgi-bin/tsearch?artistid=4274
"Guttenberg, Heinrich",https://web.archive.org/web/20121010202210/http://www.nga.gov/cgi-bin/tsearch?artistid=4275
"Gutting, Frank",https://web.archive.org/web/20121010202210/http://www.nga.gov/cgi-bin/tsearch?artistid=7609
"Guttuso, Renato",https://web.archive.org/web/20121010202210/http://www.nga.gov/cgi-bin/tsearch?artistid=2550
"Gutzeit, Fred",https://web.archive.org/web/20121010202210/http://www.nga.gov/cgi-bin/tsearch?artistid=35085
"Guy, James Miekle",https://web.archive.org/web/20121010202210/http://www.nga.gov/cgi-bin/tsearch?artistid=33507
"Guyer, Irving H.",https://web.archive.org/web/20121010202210/http://www.nga.gov/cgi-bin/tsearch?artistid=33508
"Guyot, Laurent",https://web.archive.org/web/20121010202210/http://www.nga.gov/cgi-bin/tsearch?artistid=4276
"Guys, Constantin",https://web.archive.org/web/20121010202210/http://www.nga.gov/cgi-bin/tsearch?artistid=2551
"Guys, Ernest Adolphe Hyacinthe Constantin",https://web.archive.org/web/20121010202210/http://www.nga.gov/cgi-bin/tsearch?artistid=2551
"Gwathmey, Robert",https://web.archive.org/web/20121010202210/http://www.nga.gov/cgi-bin/tsearch?artistid=33509
"Gwathmey, Rosalie",https://web.archive.org/web/20121010202210/http://www.nga.gov/cgi-bin/tsearch?artistid=24608
"Gyalakuta, Johann Lazarus de, Baron",https://web.archive.org/web/20121010202210/http://www.nga.gov/cgi-bin/tsearch?artistid=25630
"Gysels, Peeter",https://web.archive.org/web/20121010202210/http://www.nga.gov/cgi-bin/tsearch?artistid=21653
"Gysels, Pieter",https://web.archive.org/web/20121010202210/http://www.nga.gov/cgi-bin/tsearch?artistid=21653
